{
  "1_BM25": {
    "n_queries": 253685,
    "metrics": {
      "mrr": 0.022700116950232194,
      "ap": 0.004027450541349122,
      "ndcg@5": 0.013335735675342367,
      "recall@5": 0.0031842013796011866,
      "p@5": 0.006324378658572639,
      "ndcg@10": 0.018644240756295685,
      "recall@10": 0.005911286681927437,
      "p@10": 0.00584662080927134,
      "ndcg@20": 0.0262091082786399,
      "recall@20": 0.011059447239749583,
      "p@20": 0.005484557620671305,
      "ndcg@50": 0.0420103579413596,
      "recall@50": 0.025067260954483295,
      "p@50": 0.004993515580345704
    },
    "ndcg10_ci95": [
      0.0183,
      0.019
    ]
  },
  "3_Dense": {
    "n_queries": 253685,
    "metrics": {
      "mrr": 0.036925021381629085,
      "ap": 0.007066727687964797,
      "ndcg@5": 0.01761919167288728,
      "recall@5": 0.005192785328386567,
      "p@5": 0.010318308138045214,
      "ndcg@10": 0.026470533263979756,
      "recall@10": 0.010595008933401035,
      "p@10": 0.010541419476910343,
      "ndcg@20": 0.039275697419338035,
      "recall@20": 0.020253462377257635,
      "p@20": 0.010080414687506159,
      "ndcg@50": 0.06689660846367125,
      "recall@50": 0.04624268598321065,
      "p@50": 0.009226402822397855
    },
    "ndcg10_ci95": [
      0.0261,
      0.0269
    ]
  },
  "4c_Hybrid_C": {
    "n_queries": 253685,
    "metrics": {
      "mrr": 0.04287170358429029,
      "ap": 0.007544871620834434,
      "ndcg@5": 0.022753056475647095,
      "recall@5": 0.006384836713196688,
      "p@5": 0.012734690659676372,
      "ndcg@10": 0.032812729294114086,
      "recall@10": 0.012149620936600854,
      "p@10": 0.012088613832114632,
      "ndcg@20": 0.046334656728044044,
      "recall@20": 0.02184148351708515,
      "p@20": 0.01087096201982774,
      "ndcg@50": 0.07293252490777988,
      "recall@50": 0.04572757397234603,
      "p@50": 0.009121548376924138
    },
    "ndcg10_ci95": [
      0.0324,
      0.0333
    ]
  },
  "2b_BM25_NER": {
    "n_queries": 253685,
    "metrics": {
      "mrr": 0.02596725482140018,
      "ap": 0.004765222170050543,
      "ndcg@5": 0.014099049617331131,
      "recall@5": 0.0035649009786227204,
      "p@5": 0.007070973845517079,
      "ndcg@10": 0.02037315110245394,
      "recall@10": 0.006894902470912089,
      "p@10": 0.006824211127973668,
      "ndcg@20": 0.02926595433391528,
      "recall@20": 0.013084662237351597,
      "p@20": 0.006494077300589314,
      "ndcg@50": 0.04769725658570866,
      "recall@50": 0.029753058958569733,
      "p@50": 0.005929558310503183
    },
    "ndcg10_ci95": [
      0.02,
      0.0207
    ]
  },
  "7_Hybrid_NER": {
    "n_queries": 253685,
    "metrics": {
      "mrr": 0.04377361265986917,
      "ap": 0.007791629875240272,
      "ndcg@5": 0.02312327327589867,
      "recall@5": 0.006541132907295668,
      "p@5": 0.0130500423753868,
      "ndcg@10": 0.03334921368434636,
      "recall@10": 0.012417407101858293,
      "p@10": 0.012356268600823858,
      "ndcg@20": 0.04672266489844778,
      "recall@20": 0.022204137990152143,
      "p@20": 0.011052486351183555,
      "ndcg@50": 0.07402754124437608,
      "recall@50": 0.046952283656365494,
      "p@50": 0.0093653152531683
    },
    "ndcg10_ci95": [
      0.0329,
      0.0338
    ]
  },
  "6_Hybrid_CE": {
    "n_queries": 253685,
    "metrics": {
      "mrr": 0.056910031147885565,
      "ap": 0.009111468428622886,
      "ndcg@5": 0.03903557085302271,
      "recall@5": 0.0089865665800388,
      "p@5": 0.017874923625756354,
      "ndcg@10": 0.05432831220301861,
      "recall@10": 0.016361333937757454,
      "p@10": 0.016308019788320163,
      "ndcg@20": 0.07346856163493506,
      "recall@20": 0.02846823378949835,
      "p@20": 0.014188462069101446,
      "ndcg@50": 0.1070315744985922,
      "recall@50": 0.055885628377399674,
      "p@50": 0.011151782722667876
    },
    "ndcg10_ci95": [
      0.0537,
      0.055
    ]
  },
  "8_Full_Pipeline": {
    "n_queries": 253685,
    "metrics": {
      "mrr": 0.056910031147885565,
      "ap": 0.009111468428622886,
      "ndcg@5": 0.03903557085302271,
      "recall@5": 0.0089865665800388,
      "p@5": 0.017874923625756354,
      "ndcg@10": 0.05432831220301861,
      "recall@10": 0.016361333937757454,
      "p@10": 0.016308019788320163,
      "ndcg@20": 0.07346856163493506,
      "recall@20": 0.02846823378949835,
      "p@20": 0.014188462069101446,
      "ndcg@50": 0.1070315744985922,
      "recall@50": 0.055885628377399674,
      "p@50": 0.011151782722667876
    },
    "ndcg10_ci95": [
      0.0537,
      0.055
    ]
  }
}