{
  "ours": {
    "fashion200k": {
      "map10": 0.0774720282186949,
      "ci_95": [
        0.0624385047398589,
        0.09293534865520282
      ],
      "n_queries": 500,
      "per_stratum": {
        "bottoms": {
          "map10": 0.03333333333333333,
          "n_queries": 1,
          "std": 0.0
        },
        "dresses": {
          "map10": 0.07848926831203586,
          "n_queries": 489,
          "std": 0.1770282146058104
        },
        "other": {
          "map10": 0.125,
          "n_queries": 2,
          "std": 0.125
        },
        "outerwear": {
          "map10": 0.011904761904761904,
          "n_queries": 6,
          "std": 0.026619856874997495
        },
        "tops": {
          "map10": 0.0,
          "n_queries": 2,
          "std": 0.0
        }
      }
    },
    "atlas": {
      "map10": 0.5028174603174604,
      "ci_95": [
        0.27057760141093473,
        0.7467151675485009
      ],
      "n_queries": 9,
      "per_stratum": {
        "dresses": {
          "map10": 0.41504960317460315,
          "n_queries": 4,
          "std": 0.2776082849892134
        },
        "intimates": {
          "map10": 0.7992460317460317,
          "n_queries": 2,
          "std": 0.20075396825396824
        },
        "outerwear": {
          "map10": 0.4222222222222222,
          "n_queries": 3,
          "std": 0.41417775154701775
        }
      }
    },
    "polyvore": {
      "map10": 0.33462005752918456,
      "ci_95": [
        0.286365685101201,
        0.3863223453903166
      ],
      "n_queries": 150,
      "per_stratum": {
        "accessories": {
          "map10": 0.47631283068783076,
          "n_queries": 17,
          "std": 0.36218218966877064
        },
        "bags": {
          "map10": 0.06511904761904762,
          "n_queries": 10,
          "std": 0.060101202233833306
        },
        "beauty": {
          "map10": 0.5249574829931972,
          "n_queries": 14,
          "std": 0.34671600042584344
        },
        "bottoms": {
          "map10": 0.18001058201058204,
          "n_queries": 15,
          "std": 0.1799250048287225
        },
        "dresses": {
          "map10": 0.19175396825396823,
          "n_queries": 5,
          "std": 0.2765389591330077
        },
        "home": {
          "map10": 0.5567727308516,
          "n_queries": 20,
          "std": 0.27943002092942454
        },
        "intimates": {
          "map10": 0.32746031746031745,
          "n_queries": 3,
          "std": 0.24745303755442274
        },
        "other": {
          "map10": 0.3275237465356513,
          "n_queries": 35,
          "std": 0.3303405897084941
        },
        "outerwear": {
          "map10": 0.19616666666666666,
          "n_queries": 5,
          "std": 0.26191973814805264
        },
        "shoes": {
          "map10": 0.273781179138322,
          "n_queries": 14,
          "std": 0.27668489310003075
        },
        "swimwear": {
          "map10": 0.1898148148148148,
          "n_queries": 3,
          "std": 0.11231599797856243
        },
        "tops": {
          "map10": 0.16353174603174603,
          "n_queries": 9,
          "std": 0.11816141193967233
        }
      }
    },
    "KAGL": {
      "map10": 0.4549195802351948,
      "ci_95": [
        0.3475368678479144,
        0.5642082641196013
      ],
      "n_queries": 43,
      "per_stratum": {
        "accessories": {
          "map10": 0.6737433862433863,
          "n_queries": 9,
          "std": 0.41605247837625553
        },
        "bags": {
          "map10": 0.5156972789115646,
          "n_queries": 5,
          "std": 0.305097519117843
        },
        "bottoms": {
          "map10": 0.43486331569664904,
          "n_queries": 9,
          "std": 0.3545469572178738
        },
        "dresses": {
          "map10": 0.20938492063492062,
          "n_queries": 4,
          "std": 0.2749910004196344
        },
        "other": {
          "map10": 0.0,
          "n_queries": 1,
          "std": 0.0
        },
        "outerwear": {
          "map10": 0.5577777777777777,
          "n_queries": 1,
          "std": 0.0
        },
        "shoes": {
          "map10": 0.46501488095238097,
          "n_queries": 8,
          "std": 0.23681538616249462
        },
        "tops": {
          "map10": 0.31502645502645504,
          "n_queries": 6,
          "std": 0.24522443677255049
        }
      }
    }
  },
  "fsl": {
    "fashion200k": {
      "map10": 0.3859170663265306,
      "ci_95": [
        0.3510655771919879,
        0.41629476771541946
      ],
      "n_queries": 500,
      "per_stratum": {
        "bottoms": {
          "map10": 0.7595238095238095,
          "n_queries": 1,
          "std": 0.0
        },
        "dresses": {
          "map10": 0.3846155703249261,
          "n_queries": 489,
          "std": 0.3904203678686656
        },
        "other": {
          "map10": 0.5,
          "n_queries": 2,
          "std": 0.5
        },
        "outerwear": {
          "map10": 0.49933862433862436,
          "n_queries": 6,
          "std": 0.3602628028453986
        },
        "tops": {
          "map10": 0.06298185941043084,
          "n_queries": 2,
          "std": 0.04257369614512472
        }
      }
    },
    "atlas": {
      "map10": 0.6919444444444446,
      "ci_95": [
        0.4180555555555555,
        0.9097222222222222
      ],
      "n_queries": 9,
      "per_stratum": {
        "dresses": {
          "map10": 0.769375,
          "n_queries": 4,
          "std": 0.3389338753724685
        },
        "intimates": {
          "map10": 1.0,
          "n_queries": 2,
          "std": 0.0
        },
        "outerwear": {
          "map10": 0.3833333333333333,
          "n_queries": 3,
          "std": 0.4365266951236265
        }
      }
    },
    "polyvore": {
      "map10": 0.578255612244898,
      "ci_95": [
        0.5155141788968675,
        0.6328465310846559
      ],
      "n_queries": 150,
      "per_stratum": {
        "accessories": {
          "map10": 0.6388387021475256,
          "n_queries": 17,
          "std": 0.38301836593081295
        },
        "bags": {
          "map10": 0.4781944444444444,
          "n_queries": 10,
          "std": 0.38210947218145297
        },
        "beauty": {
          "map10": 0.5572094671201814,
          "n_queries": 14,
          "std": 0.3774501596095567
        },
        "bottoms": {
          "map10": 0.5317910052910053,
          "n_queries": 15,
          "std": 0.29898378381952156
        },
        "dresses": {
          "map10": 0.547595238095238,
          "n_queries": 5,
          "std": 0.29407633216707785
        },
        "home": {
          "map10": 0.8158391597379693,
          "n_queries": 20,
          "std": 0.28384556977191194
        },
        "intimates": {
          "map10": 0.7333333333333334,
          "n_queries": 3,
          "std": 0.37712361663282534
        },
        "other": {
          "map10": 0.42570852679696214,
          "n_queries": 35,
          "std": 0.3688332868296647
        },
        "outerwear": {
          "map10": 0.4558809523809523,
          "n_queries": 5,
          "std": 0.3528069125755596
        },
        "shoes": {
          "map10": 0.6179460236475542,
          "n_queries": 14,
          "std": 0.35774450513363215
        },
        "swimwear": {
          "map10": 0.7976190476190476,
          "n_queries": 3,
          "std": 0.26954932853558244
        },
        "tops": {
          "map10": 0.6489197530864198,
          "n_queries": 9,
          "std": 0.2643525536191631
        }
      }
    },
    "KAGL": {
      "map10": 0.6779494278331487,
      "ci_95": [
        0.5619982696566999,
        0.7868950489110372
      ],
      "n_queries": 43,
      "per_stratum": {
        "accessories": {
          "map10": 0.6929232804232804,
          "n_queries": 9,
          "std": 0.41884297686056293
        },
        "bags": {
          "map10": 0.8098412698412698,