{
  "model": "Marqo/marqo-fashionSigLIP",
  "T2I_AvgRecall": 0.23354,
  "T2I_R1": 0.12078,
  "T2I_R10": 0.34234,
  "T2I_MRR": 0.23752,
  "per_dataset": {
    "atlas": {
      "R@1": 0.10717,
      "R@10": 0.32393,
      "MRR": 0.23368
    },
    "deepfashion_inshop": {
      "R@1": 0.04988,
      "R@10": 0.24765,
      "MRR": 0.33004
    },
    "deepfashion_multimodal": {
      "R@1": 0.008,
      "R@10": 0.03125,
      "MRR": 0.01489
    },
    "fashion200k": {
      "R@1": 0.11075,
      "R@10": 0.37843,
      "MRR": 0.18682
    },
    "KAGL": {
      "R@1": 0.17935,
      "R@10": 0.48877,
      "MRR": 0.29323
    },
    "polyvore": {
      "R@1": 0.2695,
      "R@10": 0.584,
      "MRR": 0.36645
    }
  }
}