{
  "dataset_revision": "e819702b287bfbe084e129a61f308a802b7c108e",
  "task_name": "Flickr30kT2IRetrieval",
  "mteb_version": "2.12.25",
  "scores": {
    "test": [
      {
        "ndcg_at_1": 0.7096,
        "ndcg_at_3": 0.79994,
        "ndcg_at_5": 0.81599,
        "ndcg_at_10": 0.82803,
        "ndcg_at_20": 0.83517,
        "ndcg_at_100": 0.84046,
        "ndcg_at_1000": 0.84123,
        "map_at_1": 0.7096,
        "map_at_3": 0.77833,
        "map_at_5": 0.78723,
        "map_at_10": 0.79225,
        "map_at_20": 0.79425,
        "map_at_100": 0.79501,
        "map_at_1000": 0.79505,
        "recall_at_1": 0.7096,
        "recall_at_3": 0.8622,
        "recall_at_5": 0.9012,
        "recall_at_10": 0.9382,
        "recall_at_20": 0.9662,
        "recall_at_100": 0.9942,
        "recall_at_1000": 1.0,
        "accuracy": 0.7096,
        "precision_at_1": 0.7096,
        "precision_at_3": 0.2874,
        "precision_at_5": 0.18024,
        "precision_at_10": 0.09382,
        "precision_at_20": 0.04831,
        "precision_at_100": 0.00994,
        "precision_at_1000": 0.001,
        "mrr_at_1": 0.7096,
        "mrr_at_3": 0.778333,
        "mrr_at_5": 0.787233,
        "mrr_at_10": 0.792252,
        "mrr_at_20": 0.794245,
        "mrr_at_100": 0.795013,
        "mrr_at_1000": 0.795048,
        "nauc_ndcg_at_1_max": 0.611669,
        "nauc_ndcg_at_1_std": -0.002881,
        "nauc_ndcg_at_1_diff1": 0.784773,
        "nauc_ndcg_at_3_max": 0.626479,
        "nauc_ndcg_at_3_std": -0.01235,
        "nauc_ndcg_at_3_diff1": 0.750104,
        "nauc_ndcg_at_5_max": 0.625991,
        "nauc_ndcg_at_5_std": -0.010944,
        "nauc_ndcg_at_5_diff1": 0.746161,
        "nauc_ndcg_at_10_max": 0.62754,
        "nauc_ndcg_at_10_std": -0.003917,
        "nauc_ndcg_at_10_diff1": 0.751918,
        "nauc_ndcg_at_20_max": 0.624615,
        "nauc_ndcg_at_20_std": -0.004487,
        "nauc_ndcg_at_20_diff1": 0.754828,
        "nauc_ndcg_at_100_max": 0.623593,
        "nauc_ndcg_at_100_std": -0.003991,
        "nauc_ndcg_at_100_diff1": 0.758294,
        "nauc_ndcg_at_1000_max": 0.622992,
        "nauc_ndcg_at_1000_std": -0.005284,
        "nauc_ndcg_at_1000_diff1": 0.758299,
        "nauc_map_at_1_max": 0.611669,
        "nauc_map_at_1_std": -0.002881,
        "nauc_map_at_1_diff1": 0.784773,
        "nauc_map_at_3_max": 0.622125,
        "nauc_map_at_3_std": -0.009335,
        "nauc_map_at_3_diff1": 0.759699,
        "nauc_map_at_5_max": 0.621633,
        "nauc_map_at_5_std": -0.00833,
        "nauc_map_at_5_diff1": 0.758057,
        "nauc_map_at_10_max": 0.622126,
        "nauc_map_at_10_std": -0.005827,
        "nauc_map_at_10_diff1": 0.760388,
        "nauc_map_at_20_max": 0.621366,
        "nauc_map_at_20_std": -0.00601,
        "nauc_map_at_20_diff1": 0.761099,
        "nauc_map_at_100_max": 0.621227,
        "nauc_map_at_100_std": -0.005929,
        "nauc_map_at_100_diff1": 0.761544,
        "nauc_map_at_1000_max": 0.62121,
        "nauc_map_at_1000_std": -0.005956,
        "nauc_map_at_1000_diff1": 0.761546,
        "nauc_recall_at_1_max": 0.611669,
        "nauc_recall_at_1_std": -0.002881,
        "nauc_recall_at_1_diff1": 0.784773,
        "nauc_recall_at_3_max": 0.645207,
        "nauc_recall_at_3_std": -0.025468,
        "nauc_recall_at_3_diff1": 0.709224,
        "nauc_recall_at_5_max": 0.650267,
        "nauc_recall_at_5_std": -0.025762,
        "nauc_recall_at_5_diff1": 0.679722,
        "nauc_recall_at_10_max": 0.675696,
        "nauc_recall_at_10_std": 0.020179,
        "nauc_recall_at_10_diff1": 0.684511,
        "nauc_recall_at_20_max": 0.666852,
        "nauc_recall_at_20_std": 0.031729,
        "nauc_recall_at_20_diff1": 0.680443,
        "nauc_recall_at_100_max": 0.741267,
        "nauc_recall_at_100_std": 0.263965,
        "nauc_recall_at_100_diff1": 0.760086,
        "nauc_recall_at_1000_max": NaN,
        "nauc_recall_at_1000_std": NaN,
        "nauc_recall_at_1000_diff1": NaN,
        "nauc_precision_at_1_max": 0.611669,
        "nauc_precision_at_1_std": -0.002881,
        "nauc_precision_at_1_diff1": 0.784773,
        "nauc_precision_at_3_max": 0.645207,
        "nauc_precision_at_3_std": -0.025468,
        "nauc_precision_at_3_diff1": 0.709224,
        "nauc_precision_at_5_max": 0.650267,
        "nauc_precision_at_5_std": -0.025762,
        "nauc_precision_at_5_diff1": 0.679722,
        "nauc_precision_at_10_max": 0.675696,
        "nauc_precision_at_10_std": 0.020179,
        "nauc_precision_at_10_diff1": 0.684511,
        "nauc_precision_at_20_max": 0.666852,
        "nauc_precision_at_20_std": 0.031729,
        "nauc_precision_at_20_diff1": 0.680443,
        "nauc_precision_at_100_max": 0.741267,
        "nauc_precision_at_100_std": 0.263965,
        "nauc_precision_at_100_diff1": 0.760086,
        "nauc_precision_at_1000_max": 1.0,
        "nauc_precision_at_1000_std": 1.0,
        "nauc_precision_at_1000_diff1": 1.0,
        "nauc_mrr_at_1_max": 0.611669,
        "nauc_mrr_at_1_std": -0.002881,
        "nauc_mrr_at_1_diff1": 0.784773,
        "nauc_mrr_at_3_max": 0.622125,
        "nauc_mrr_at_3_std": -0.009335,
        "nauc_mrr_at_3_diff1": 0.759699,
        "nauc_mrr_at_5_max": 0.621633,
        "nauc_mrr_at_5_std": -0.00833,
        "nauc_mrr_at_5_diff1": 0.758057,
        "nauc_mrr_at_10_max": 0.622126,
        "nauc_mrr_at_10_std": -0.005827,
        "nauc_mrr_at_10_diff1": 0.760388,
        "nauc_mrr_at_20_max": 0.621366,
        "nauc_mrr_at_20_std": -0.00601,
        "nauc_mrr_at_20_diff1": 0.761099,
        "nauc_mrr_at_100_max": 0.621227,
        "nauc_mrr_at_100_std": -0.005929,
        "nauc_mrr_at_100_diff1": 0.761544,
        "nauc_mrr_at_1000_max": 0.62121,
        "nauc_mrr_at_1000_std": -0.005956,
        "nauc_mrr_at_1000_diff1": 0.761546,
        "hit_rate_at_1": 0.7096,
        "hit_rate_at_3": 0.8622,
        "hit_rate_at_5": 0.9012,
        "hit_rate_at_10": 0.9382,
        "hit_rate_at_20": 0.9662,
        "hit_rate_at_100": 0.9942,
        "hit_rate_at_1000": 1.0,
        "main_score": 0.82803,
        "hf_subset": "default",
        "languages": [
          "eng-Latn"
        ]
      }
    ]
  },
  "evaluation_time": 30.81687593460083,
  "kg_co2_emissions": null,
  "date": null
}