{
  "dataset_revision": "20a4ca61738ba9ef70b3e1e7772ac9037286c085",
  "task_name": "GLDv2I2TRetrieval",
  "mteb_version": "2.12.25",
  "scores": {
    "test": [
      {
        "ndcg_at_1": 0.44425,
        "ndcg_at_3": 0.49586,
        "ndcg_at_5": 0.51973,
        "ndcg_at_10": 0.55112,
        "ndcg_at_20": 0.56756,
        "ndcg_at_100": 0.59711,
        "ndcg_at_1000": 0.61021,
        "map_at_1": 0.40591,
        "map_at_3": 0.47444,
        "map_at_5": 0.48847,
        "map_at_10": 0.50204,
        "map_at_20": 0.50683,
        "map_at_100": 0.51108,
        "map_at_1000": 0.51169,
        "recall_at_1": 0.40591,
        "recall_at_3": 0.53775,
        "recall_at_5": 0.5939,
        "recall_at_10": 0.68779,
        "recall_at_20": 0.75078,
        "recall_at_100": 0.90561,
        "recall_at_1000": 1.0,
        "accuracy": 0.40591,
        "precision_at_1": 0.44425,
        "precision_at_3": 0.20168,
        "precision_at_5": 0.1338,
        "precision_at_10": 0.07741,
        "precision_at_20": 0.04225,
        "precision_at_100": 0.01021,
        "precision_at_1000": 0.00114,
        "mrr_at_1": 0.444249,
        "mrr_at_3": 0.495892,
        "mrr_at_5": 0.508187,
        "mrr_at_10": 0.520852,
        "mrr_at_20": 0.525133,
        "mrr_at_100": 0.529001,
        "mrr_at_1000": 0.529446,
        "nauc_ndcg_at_1_max": 0.492864,
        "nauc_ndcg_at_1_std": 0.107542,
        "nauc_ndcg_at_1_diff1": 0.624199,
        "nauc_ndcg_at_3_max": 0.472607,
        "nauc_ndcg_at_3_std": 0.146435,
        "nauc_ndcg_at_3_diff1": 0.56143,
        "nauc_ndcg_at_5_max": 0.467947,
        "nauc_ndcg_at_5_std": 0.157881,
        "nauc_ndcg_at_5_diff1": 0.549079,
        "nauc_ndcg_at_10_max": 0.46951,
        "nauc_ndcg_at_10_std": 0.169447,
        "nauc_ndcg_at_10_diff1": 0.540043,
        "nauc_ndcg_at_20_max": 0.477876,
        "nauc_ndcg_at_20_std": 0.171817,
        "nauc_ndcg_at_20_diff1": 0.541533,
        "nauc_ndcg_at_100_max": 0.479906,
        "nauc_ndcg_at_100_std": 0.171997,
        "nauc_ndcg_at_100_diff1": 0.545457,
        "nauc_ndcg_at_1000_max": 0.479089,
        "nauc_ndcg_at_1000_std": 0.16243,
        "nauc_ndcg_at_1000_diff1": 0.554179,
        "nauc_map_at_1_max": 0.438805,
        "nauc_map_at_1_std": 0.061886,
        "nauc_map_at_1_diff1": 0.608548,
        "nauc_map_at_3_max": 0.467402,
        "nauc_map_at_3_std": 0.126408,
        "nauc_map_at_3_diff1": 0.566976,
        "nauc_map_at_5_max": 0.465704,
        "nauc_map_at_5_std": 0.134602,
        "nauc_map_at_5_diff1": 0.560437,
        "nauc_map_at_10_max": 0.467293,
        "nauc_map_at_10_std": 0.139984,
        "nauc_map_at_10_diff1": 0.55733,
        "nauc_map_at_20_max": 0.469745,
        "nauc_map_at_20_std": 0.140399,
        "nauc_map_at_20_diff1": 0.557941,
        "nauc_map_at_100_max": 0.47018,
        "nauc_map_at_100_std": 0.140497,
        "nauc_map_at_100_diff1": 0.558539,
        "nauc_map_at_1000_max": 0.470204,
        "nauc_map_at_1000_std": 0.140224,
        "nauc_map_at_1000_diff1": 0.558874,
        "nauc_recall_at_1_max": 0.438805,
        "nauc_recall_at_1_std": 0.061886,
        "nauc_recall_at_1_diff1": 0.608548,
        "nauc_recall_at_3_max": 0.458118,
        "nauc_recall_at_3_std": 0.176536,
        "nauc_recall_at_3_diff1": 0.51804,
        "nauc_recall_at_5_max": 0.443383,
        "nauc_recall_at_5_std": 0.203999,
        "nauc_recall_at_5_diff1": 0.483661,
        "nauc_recall_at_10_max": 0.437746,
        "nauc_recall_at_10_std": 0.247277,
        "nauc_recall_at_10_diff1": 0.436297,
        "nauc_recall_at_20_max": 0.474188,
        "nauc_recall_at_20_std": 0.273215,
        "nauc_recall_at_20_diff1": 0.423998,
        "nauc_recall_at_100_max": 0.490452,
        "nauc_recall_at_100_std": 0.394029,
        "nauc_recall_at_100_diff1": 0.335165,
        "nauc_recall_at_1000_max": NaN,
        "nauc_recall_at_1000_std": NaN,
        "nauc_recall_at_1000_diff1": NaN,
        "nauc_precision_at_1_max": 0.492864,
        "nauc_precision_at_1_std": 0.107542,
        "nauc_precision_at_1_diff1": 0.624199,
        "nauc_precision_at_3_max": 0.45976,
        "nauc_precision_at_3_std": 0.220465,
        "nauc_precision_at_3_diff1": 0.428042,
        "nauc_precision_at_5_max": 0.429448,
        "nauc_precision_at_5_std": 0.247992,
        "nauc_precision_at_5_diff1": 0.372239,
        "nauc_precision_at_10_max": 0.411392,
        "nauc_precision_at_10_std": 0.28887,
        "nauc_precision_at_10_diff1": 0.300434,
        "nauc_precision_at_20_max": 0.419869,
        "nauc_precision_at_20_std": 0.305798,
        "nauc_precision_at_20_diff1": 0.256611,
        "nauc_precision_at_100_max": 0.322227,
        "nauc_precision_at_100_std": 0.326835,
        "nauc_precision_at_100_diff1": 0.078861,
        "nauc_precision_at_1000_max": 0.137282,
        "nauc_precision_at_1000_std": 0.211531,
        "nauc_precision_at_1000_diff1": -0.079854,
        "nauc_mrr_at_1_max": 0.492864,
        "nauc_mrr_at_1_std": 0.107542,
        "nauc_mrr_at_1_diff1": 0.624199,
        "nauc_mrr_at_3_max": 0.493599,
        "nauc_mrr_at_3_std": 0.154479,
        "nauc_mrr_at_3_diff1": 0.590878,
        "nauc_mrr_at_5_max": 0.489936,
        "nauc_mrr_at_5_std": 0.157402,
        "nauc_mrr_at_5_diff1": 0.583935,
        "nauc_mrr_at_10_max": 0.489933,
        "nauc_mrr_at_10_std": 0.161056,
        "nauc_mrr_at_10_diff1": 0.580448,
        "nauc_mrr_at_20_max": 0.491176,
        "nauc_mrr_at_20_std": 0.16109,
        "nauc_mrr_at_20_diff1": 0.580672,
        "nauc_mrr_at_100_max": 0.491473,
        "nauc_mrr_at_100_std": 0.160808,
        "nauc_mrr_at_100_diff1": 0.581304,
        "nauc_mrr_at_1000_max": 0.491501,
        "nauc_mrr_at_1000_std": 0.160489,
        "nauc_mrr_at_1000_diff1": 0.581608,
        "hit_rate_at_1": 0.44425,
        "hit_rate_at_3": 0.56162,
        "hit_rate_at_5": 0.61502,
        "hit_rate_at_10": 0.70833,
        "hit_rate_at_20": 0.76937,
        "hit_rate_at_100": 0.9196,
        "hit_rate_at_1000": 1.0,
        "main_score": 0.55112,
        "hf_subset": "default",
        "languages": [
          "eng-Latn"
        ]
      }
    ]
  },
  "evaluation_time": 22.61722183227539,
  "kg_co2_emissions": null,
  "date": null
}