{
  "dataset_revision": "e819702b287bfbe084e129a61f308a802b7c108e",
  "task_name": "Flickr30kT2IRetrieval",
  "mteb_version": "2.12.25",
  "scores": {
    "test": [
      {
        "ndcg_at_1": 0.7468,
        "ndcg_at_3": 0.83455,
        "ndcg_at_5": 0.84806,
        "ndcg_at_10": 0.85777,
        "ndcg_at_20": 0.86284,
        "ndcg_at_100": 0.86654,
        "ndcg_at_1000": 0.86704,
        "map_at_1": 0.7468,
        "map_at_3": 0.8137,
        "map_at_5": 0.82129,
        "map_at_10": 0.82534,
        "map_at_20": 0.82677,
        "map_at_100": 0.8273,
        "map_at_1000": 0.82733,
        "recall_at_1": 0.7468,
        "recall_at_3": 0.8946,
        "recall_at_5": 0.927,
        "recall_at_10": 0.9568,
        "recall_at_20": 0.9766,
        "recall_at_100": 0.9962,
        "recall_at_1000": 1.0,
        "accuracy": 0.7468,
        "precision_at_1": 0.7468,
        "precision_at_3": 0.2982,
        "precision_at_5": 0.1854,
        "precision_at_10": 0.09568,
        "precision_at_20": 0.04883,
        "precision_at_100": 0.00996,
        "precision_at_1000": 0.001,
        "mrr_at_1": 0.7468,
        "mrr_at_3": 0.8137,
        "mrr_at_5": 0.82129,
        "mrr_at_10": 0.825345,
        "mrr_at_20": 0.826766,
        "mrr_at_100": 0.827304,
        "mrr_at_1000": 0.827325,
        "nauc_ndcg_at_1_max": 0.617726,
        "nauc_ndcg_at_1_std": -0.049562,
        "nauc_ndcg_at_1_diff1": 0.8174,
        "nauc_ndcg_at_3_max": 0.640335,
        "nauc_ndcg_at_3_std": -0.04345,
        "nauc_ndcg_at_3_diff1": 0.78401,
        "nauc_ndcg_at_5_max": 0.635499,
        "nauc_ndcg_at_5_std": -0.050281,
        "nauc_ndcg_at_5_diff1": 0.782219,
        "nauc_ndcg_at_10_max": 0.635424,
        "nauc_ndcg_at_10_std": -0.049984,
        "nauc_ndcg_at_10_diff1": 0.789649,
        "nauc_ndcg_at_20_max": 0.633529,
        "nauc_ndcg_at_20_std": -0.046019,
        "nauc_ndcg_at_20_diff1": 0.792309,
        "nauc_ndcg_at_100_max": 0.632391,
        "nauc_ndcg_at_100_std": -0.046751,
        "nauc_ndcg_at_100_diff1": 0.794435,
        "nauc_ndcg_at_1000_max": 0.631872,
        "nauc_ndcg_at_1000_std": -0.047325,
        "nauc_ndcg_at_1000_diff1": 0.794193,
        "nauc_map_at_1_max": 0.617726,
        "nauc_map_at_1_std": -0.049562,
        "nauc_map_at_1_diff1": 0.8174,
        "nauc_map_at_3_max": 0.633242,
        "nauc_map_at_3_std": -0.04509,
        "nauc_map_at_3_diff1": 0.793517,
        "nauc_map_at_5_max": 0.630559,
        "nauc_map_at_5_std": -0.04863,
        "nauc_map_at_5_diff1": 0.79308,
        "nauc_map_at_10_max": 0.63044,
        "nauc_map_at_10_std": -0.048445,
        "nauc_map_at_10_diff1": 0.795893,
        "nauc_map_at_20_max": 0.62994,
        "nauc_map_at_20_std": -0.047583,
        "nauc_map_at_20_diff1": 0.796532,
        "nauc_map_at_100_max": 0.629832,
        "nauc_map_at_100_std": -0.047711,
        "nauc_map_at_100_diff1": 0.796788,
        "nauc_map_at_1000_max": 0.629821,
        "nauc_map_at_1000_std": -0.047704,
        "nauc_map_at_1000_diff1": 0.796779,
        "nauc_recall_at_1_max": 0.617726,
        "nauc_recall_at_1_std": -0.049562,
        "nauc_recall_at_1_diff1": 0.8174,
        "nauc_recall_at_3_max": 0.673726,
        "nauc_recall_at_3_std": -0.035915,
        "nauc_recall_at_3_diff1": 0.739914,
        "nauc_recall_at_5_max": 0.666082,
        "nauc_recall_at_5_std": -0.062736,
        "nauc_recall_at_5_diff1": 0.712499,
        "nauc_recall_at_10_max": 0.685754,
        "nauc_recall_at_10_std": -0.069604,
        "nauc_recall_at_10_diff1": 0.733697,
        "nauc_recall_at_20_max": 0.690213,
        "nauc_recall_at_20_std": -0.000511,
        "nauc_recall_at_20_diff1": 0.743023,
        "nauc_recall_at_100_max": 0.771635,
        "nauc_recall_at_100_std": 0.138754,
        "nauc_recall_at_100_diff1": 0.851344,
        "nauc_recall_at_1000_max": NaN,
        "nauc_recall_at_1000_std": NaN,
        "nauc_recall_at_1000_diff1": NaN,
        "nauc_precision_at_1_max": 0.617726,
        "nauc_precision_at_1_std": -0.049562,
        "nauc_precision_at_1_diff1": 0.8174,
        "nauc_precision_at_3_max": 0.673726,
        "nauc_precision_at_3_std": -0.035915,
        "nauc_precision_at_3_diff1": 0.739914,
        "nauc_precision_at_5_max": 0.666082,
        "nauc_precision_at_5_std": -0.062736,
        "nauc_precision_at_5_diff1": 0.712499,
        "nauc_precision_at_10_max": 0.685754,
        "nauc_precision_at_10_std": -0.069604,
        "nauc_precision_at_10_diff1": 0.733697,
        "nauc_precision_at_20_max": 0.690213,
        "nauc_precision_at_20_std": -0.000511,
        "nauc_precision_at_20_diff1": 0.743023,
        "nauc_precision_at_100_max": 0.771635,
        "nauc_precision_at_100_std": 0.138754,
        "nauc_precision_at_100_diff1": 0.851344,
        "nauc_precision_at_1000_max": 1.0,
        "nauc_precision_at_1000_std": 1.0,
        "nauc_precision_at_1000_diff1": 1.0,
        "nauc_mrr_at_1_max": 0.617726,
        "nauc_mrr_at_1_std": -0.049562,
        "nauc_mrr_at_1_diff1": 0.8174,
        "nauc_mrr_at_3_max": 0.633242,
        "nauc_mrr_at_3_std": -0.04509,
        "nauc_mrr_at_3_diff1": 0.793517,
        "nauc_mrr_at_5_max": 0.630559,
        "nauc_mrr_at_5_std": -0.04863,
        "nauc_mrr_at_5_diff1": 0.79308,
        "nauc_mrr_at_10_max": 0.63044,
        "nauc_mrr_at_10_std": -0.048445,
        "nauc_mrr_at_10_diff1": 0.795893,
        "nauc_mrr_at_20_max": 0.62994,
        "nauc_mrr_at_20_std": -0.047583,
        "nauc_mrr_at_20_diff1": 0.796532,
        "nauc_mrr_at_100_max": 0.629832,
        "nauc_mrr_at_100_std": -0.047711,
        "nauc_mrr_at_100_diff1": 0.796788,
        "nauc_mrr_at_1000_max": 0.629821,
        "nauc_mrr_at_1000_std": -0.047704,
        "nauc_mrr_at_1000_diff1": 0.796779,
        "hit_rate_at_1": 0.7468,
        "hit_rate_at_3": 0.8946,
        "hit_rate_at_5": 0.927,
        "hit_rate_at_10": 0.9568,
        "hit_rate_at_20": 0.9766,
        "hit_rate_at_100": 0.9962,
        "hit_rate_at_1000": 1.0,
        "main_score": 0.85777,
        "hf_subset": "default",
        "languages": [
          "eng-Latn"
        ]
      }
    ]
  },
  "evaluation_time": 30.7434720993042,
  "kg_co2_emissions": null,
  "date": null
}