{
  "dataset_revision": "20a4ca61738ba9ef70b3e1e7772ac9037286c085",
  "task_name": "GLDv2I2TRetrieval",
  "mteb_version": "2.12.25",
  "scores": {
    "test": [
      {
        "ndcg_at_1": 0.43192,
        "ndcg_at_3": 0.49333,
        "ndcg_at_5": 0.52169,
        "ndcg_at_10": 0.54918,
        "ndcg_at_20": 0.56666,
        "ndcg_at_100": 0.59514,
        "ndcg_at_1000": 0.60793,
        "map_at_1": 0.39319,
        "map_at_3": 0.46955,
        "map_at_5": 0.4856,
        "map_at_10": 0.4975,
        "map_at_20": 0.50256,
        "map_at_100": 0.50665,
        "map_at_1000": 0.5073,
        "recall_at_1": 0.39319,
        "recall_at_3": 0.54206,
        "recall_at_5": 0.60955,
        "recall_at_10": 0.69259,
        "recall_at_20": 0.75988,
        "recall_at_100": 0.90904,
        "recall_at_1000": 1.0,
        "accuracy": 0.39319,
        "precision_at_1": 0.43192,
        "precision_at_3": 0.20344,
        "precision_at_5": 0.13709,
        "precision_at_10": 0.07788,
        "precision_at_20": 0.04272,
        "precision_at_100": 0.01025,
        "precision_at_1000": 0.00114,
        "mrr_at_1": 0.431925,
        "mrr_at_3": 0.491099,
        "mrr_at_5": 0.506504,
        "mrr_at_10": 0.516974,
        "mrr_at_20": 0.521472,
        "mrr_at_100": 0.525199,
        "mrr_at_1000": 0.525641,
        "nauc_ndcg_at_1_max": 0.471802,
        "nauc_ndcg_at_1_std": 0.08081,
        "nauc_ndcg_at_1_diff1": 0.665835,
        "nauc_ndcg_at_3_max": 0.462293,
        "nauc_ndcg_at_3_std": 0.125868,
        "nauc_ndcg_at_3_diff1": 0.582508,
        "nauc_ndcg_at_5_max": 0.460052,
        "nauc_ndcg_at_5_std": 0.142143,
        "nauc_ndcg_at_5_diff1": 0.570763,
        "nauc_ndcg_at_10_max": 0.464597,
        "nauc_ndcg_at_10_std": 0.156585,
        "nauc_ndcg_at_10_diff1": 0.565339,
        "nauc_ndcg_at_20_max": 0.469563,
        "nauc_ndcg_at_20_std": 0.154857,
        "nauc_ndcg_at_20_diff1": 0.567064,
        "nauc_ndcg_at_100_max": 0.473577,
        "nauc_ndcg_at_100_std": 0.157775,
        "nauc_ndcg_at_100_diff1": 0.574688,
        "nauc_ndcg_at_1000_max": 0.470768,
        "nauc_ndcg_at_1000_std": 0.144835,
        "nauc_ndcg_at_1000_diff1": 0.582212,
        "nauc_map_at_1_max": 0.432771,
        "nauc_map_at_1_std": 0.046413,
        "nauc_map_at_1_diff1": 0.658178,
        "nauc_map_at_3_max": 0.460178,
        "nauc_map_at_3_std": 0.108543,
        "nauc_map_at_3_diff1": 0.59465,
        "nauc_map_at_5_max": 0.458561,
        "nauc_map_at_5_std": 0.116947,
        "nauc_map_at_5_diff1": 0.588269,
        "nauc_map_at_10_max": 0.46091,
        "nauc_map_at_10_std": 0.122997,
        "nauc_map_at_10_diff1": 0.586745,
        "nauc_map_at_20_max": 0.462776,
        "nauc_map_at_20_std": 0.122829,
        "nauc_map_at_20_diff1": 0.587563,
        "nauc_map_at_100_max": 0.463706,
        "nauc_map_at_100_std": 0.123735,
        "nauc_map_at_100_diff1": 0.588524,
        "nauc_map_at_1000_max": 0.46361,
        "nauc_map_at_1000_std": 0.123215,
        "nauc_map_at_1000_diff1": 0.58886,
        "nauc_recall_at_1_max": 0.432771,
        "nauc_recall_at_1_std": 0.046413,
        "nauc_recall_at_1_diff1": 0.658178,
        "nauc_recall_at_3_max": 0.452636,
        "nauc_recall_at_3_std": 0.158657,
        "nauc_recall_at_3_diff1": 0.524512,
        "nauc_recall_at_5_max": 0.444422,
        "nauc_recall_at_5_std": 0.202215,
        "nauc_recall_at_5_diff1": 0.4873,
        "nauc_recall_at_10_max": 0.456054,
        "nauc_recall_at_10_std": 0.262658,
        "nauc_recall_at_10_diff1": 0.452226,
        "nauc_recall_at_20_max": 0.474284,
        "nauc_recall_at_20_std": 0.270829,
        "nauc_recall_at_20_diff1": 0.435277,
        "nauc_recall_at_100_max": 0.520045,
        "nauc_recall_at_100_std": 0.442918,
        "nauc_recall_at_100_diff1": 0.387813,
        "nauc_recall_at_1000_max": NaN,
        "nauc_recall_at_1000_std": NaN,
        "nauc_recall_at_1000_diff1": NaN,
        "nauc_precision_at_1_max": 0.471802,
        "nauc_precision_at_1_std": 0.08081,
        "nauc_precision_at_1_diff1": 0.665835,
        "nauc_precision_at_3_max": 0.440258,
        "nauc_precision_at_3_std": 0.198607,
        "nauc_precision_at_3_diff1": 0.42918,
        "nauc_precision_at_5_max": 0.421993,
        "nauc_precision_at_5_std": 0.238296,
        "nauc_precision_at_5_diff1": 0.376908,
        "nauc_precision_at_10_max": 0.40544,
        "nauc_precision_at_10_std": 0.289225,
        "nauc_precision_at_10_diff1": 0.31127,
        "nauc_precision_at_20_max": 0.397856,
        "nauc_precision_at_20_std": 0.288812,
        "nauc_precision_at_20_diff1": 0.258694,
        "nauc_precision_at_100_max": 0.314339,
        "nauc_precision_at_100_std": 0.321298,
        "nauc_precision_at_100_diff1": 0.102351,
        "nauc_precision_at_1000_max": 0.114738,
        "nauc_precision_at_1000_std": 0.169638,
        "nauc_precision_at_1000_diff1": -0.068424,
        "nauc_mrr_at_1_max": 0.471802,
        "nauc_mrr_at_1_std": 0.08081,
        "nauc_mrr_at_1_diff1": 0.665835,
        "nauc_mrr_at_3_max": 0.471126,
        "nauc_mrr_at_3_std": 0.125228,
        "nauc_mrr_at_3_diff1": 0.612256,
        "nauc_mrr_at_5_max": 0.470222,
        "nauc_mrr_at_5_std": 0.134182,
        "nauc_mrr_at_5_diff1": 0.606465,
        "nauc_mrr_at_10_max": 0.471209,
        "nauc_mrr_at_10_std": 0.137573,
        "nauc_mrr_at_10_diff1": 0.604371,
        "nauc_mrr_at_20_max": 0.472104,
        "nauc_mrr_at_20_std": 0.1365,
        "nauc_mrr_at_20_diff1": 0.605245,
        "nauc_mrr_at_100_max": 0.472754,
        "nauc_mrr_at_100_std": 0.136816,
        "nauc_mrr_at_100_diff1": 0.606116,
        "nauc_mrr_at_1000_max": 0.472656,
        "nauc_mrr_at_1000_std": 0.136346,
        "nauc_mrr_at_1000_diff1": 0.606391,
        "hit_rate_at_1": 0.43192,
        "hit_rate_at_3": 0.56573,
        "hit_rate_at_5": 0.6338,
        "hit_rate_at_10": 0.71303,
        "hit_rate_at_20": 0.77817,
        "hit_rate_at_100": 0.9243,
        "hit_rate_at_1000": 1.0,
        "main_score": 0.54918,
        "hf_subset": "default",
        "languages": [
          "eng-Latn"
        ]
      }
    ]
  },
  "evaluation_time": 22.85730290412903,
  "kg_co2_emissions": null,
  "date": null
}