{
  "fsl_alignment": {
    "fashion200k": {
      "l1_alignment": {
        "bottoms": {
          "mean_sim": 0.03298662230372429,
          "std_sim": 0.013105153106153011,
          "median_sim": 0.032863568514585495,
          "n_images": 6
        },
        "dresses": {
          "mean_sim": 0.052092257887125015,
          "std_sim": 0.010105975903570652,
          "median_sim": 0.05388060584664345,
          "n_images": 2943
        },
        "other": {
          "mean_sim": -0.019575538113713264,
          "std_sim": 0.0049318913370370865,
          "median_sim": -0.019288666546344757,
          "n_images": 18
        },
        "outerwear": {
          "mean_sim": 0.014687420800328255,
          "std_sim": 0.02466602995991707,
          "median_sim": 0.00931413471698761,
          "n_images": 15
        },
        "tops": {
          "mean_sim": 0.02651338465511799,
          "std_sim": 0.021692056208848953,
          "median_sim": 0.022890031337738037,
          "n_images": 18
        }
      },
      "per_query_summary": {
        "mean_align": 0.09817225228482858,
        "n_queries": 500
      }
    },
    "atlas": {
      "l1_alignment": {
        "dresses": {
          "mean_sim": 0.001927778823301196,
          "std_sim": 0.008533773943781853,
          "median_sim": 0.002640998922288418,
          "n_images": 724
        },
        "intimates": {
          "mean_sim": 0.01717398688197136,
          "std_sim": 0.017254499718546867,
          "median_sim": 0.021200180053710938,
          "n_images": 337
        },
        "outerwear": {
          "mean_sim": 0.03898470476269722,
          "std_sim": 0.009694951586425304,
          "median_sim": 0.03986898809671402,
          "n_images": 1939
        }
      },
      "per_query_summary": {
        "mean_align": 0.08970966686805089,
        "n_queries": 9
      }
    },
    "polyvore": {
      "l1_alignment": {
        "accessories": {
          "mean_sim": 0.03586796298623085,
          "std_sim": 0.01235897932201624,
          "median_sim": 0.03620652109384537,
          "n_images": 641
        },
        "bags": {
          "mean_sim": 0.06342294067144394,
          "std_sim": 0.011349468491971493,
          "median_sim": 0.06644555926322937,
          "n_images": 307
        },
        "beauty": {
          "mean_sim": 0.04842129722237587,
          "std_sim": 0.011327695101499557,
          "median_sim": 0.048943422734737396,
          "n_images": 238
        },
        "bottoms": {
          "mean_sim": 0.054000791162252426,
          "std_sim": 0.010222876444458961,
          "median_sim": 0.055435508489608765,
          "n_images": 323
        },
        "dresses": {
          "mean_sim": 0.0449092835187912,
          "std_sim": 0.01728164218366146,
          "median_sim": 0.04881101846694946,
          "n_images": 116
        },
        "home": {
          "mean_sim": 0.01369975320994854,
          "std_sim": 0.010408115573227406,
          "median_sim": 0.01275278627872467,
          "n_images": 159
        },
        "intimates": {
          "mean_sim": 0.07633860409259796,
          "std_sim": 0.01010330393910408,
          "median_sim": 0.07821175456047058,
          "n_images": 10
        },
        "other": {
          "mean_sim": -0.0013358822325244546,
          "std_sim": 0.018656475469470024,
          "median_sim": -0.002315143821761012,
          "n_images": 282
        },
        "outerwear": {
          "mean_sim": 0.059276677668094635,
          "std_sim": 0.011697783134877682,
          "median_sim": 0.05918484926223755,
          "n_images": 176
        },
        "shoes": {
          "mean_sim": 0.06094115599989891,
          "std_sim": 0.01092575490474701,
          "median_sim": 0.0632791817188263,
          "n_images": 363
        },
        "swimwear": {
          "mean_sim": 0.07386083900928497,
          "std_sim": 0.0038370045367628336,
          "median_sim": 0.0726330503821373,
          "n_images": 10
        },
        "tops": {
          "mean_sim": 0.04439372196793556,
          "std_sim": 0.01163867861032486,
          "median_sim": 0.04602428525686264,
          "n_images": 374
        }
      },
      "per_query_summary": {
        "mean_align": 0.07052026929644246,
        "n_queries": 150
      }
    },
    "KAGL": {
      "l1_alignment": {
        "accessories": {
          "mean_sim": 0.025129204615950584,
          "std_sim": 0.011007357388734818,
          "median_sim": 0.0249478816986084,
          "n_images": 269
        },
        "bags": {
          "mean_sim": 0.06060579791665077,
          "std_sim": 0.0175938680768013,
          "median_sim": 0.06691883504390717,
          "n_images": 95
        },
        "bottoms": {
          "mean_sim": 0.04829418286681175,
          "std_sim": 0.009524436667561531,
          "median_sim": 0.04796638339757919,
          "n_images": 264
        },
        "dresses": {
          "mean_sim": 0.03987053036689758,
          "std_sim": 0.012668255716562271,
          "median_sim": 0.03941444307565689,
          "n_images": 251
        },
        "other": {
          "mean_sim": -0.005632574204355478,
          "std_sim": 0.0041998643428087234,
          "median_sim": -0.007187781855463982,
          "n_images": 3
        },
        "outerwear": {
          "mean_sim": 0.056931883096694946,
          "std_sim": 0.007328001316636801,
          "median_sim": 0.05649535730481148,
          "n_images": 16
        },
        "shoes": {
          "mean_sim": 0.05747288092970848,
          "std_sim": 0.0122513547539711,
          "median_sim": 0.059723563492298126,
          "n_images": 749
        },
        "tops": {
          "mean_sim": 0.02954261563718319,
          "std_sim": 0.013204570859670639,
          "median_sim": 0.026232652366161346,
          "n_images": 1352
        }
      },
      "per_query_summary": {
        "mean_align": 0.07406891340952973,
        "n_queries": 43
      }
    }
  },
  "base_alignment": {
    "fashion200k": {
      "l1_alignment": {
        "bottoms": {
          "mean_sim": 0.04442308470606804,
          "std_sim": 0.0100802481174469,
          "median_sim": 0.040457919239997864,
          "n_images": 6
        },
        "dresses": {
          "mean_sim": 0.058046605437994,
          "std_sim": 0.014117468148469925,
          "median_sim": 0.06035267934203148,
          "n_images": 2943
        },
        "other": {
          "mean_sim": -0.02456054836511612,
          "std_sim": 0.013394912704825401,
          "median_sim": -0.025900164619088173,
          "n_images": 18
        },
        "outerwear": {
          "mean_sim": 0.0235595665872097,
          "std_sim": 0.021463550627231598,
          "median_sim": 0.019667036831378937,
          "n_images": 15
        },
        "tops": {
          "mean_sim": 0.0415688119828701,
          "std_sim": 0.02928117848932743,
          "median_sim": 0.04208867624402046,
          "n_images": 18
        }
      },
      "per_query_summary": {
        "mean_align": 0.09958511649351567,
        "n_queries": 500
      }
    },
    "atlas": {
      "l1_alignment": {
        "dresses": {
          "mean_sim": 0.014374949969351292,
          "std_sim": 0.009061007760465145,
          "median_sim": 0.015426568686962128,
          "n_images": 724
        },
        "intimates": {
          "mean_sim": 0.017924081534147263,
          "std_sim": 0.016072221100330353,
          "median_sim": 0.02017124369740486,
          "n_images": 337
        },
        "outerwear": {
          "mean_sim": 0.027822868898510933,
          "std_sim": 0.012392508797347546,
          "median_sim": 0.02841014973819256,
          "n_images": 1939
        }
      },
      "per_query_summary": {
        "mean_align": 0.08491729696591695,
        "n_queries": 9
      }
    },
    "polyvore": {
      "l1_alignment": {
        "accessories": {
          "mean_sim": 0.034770142287015915,
          "std_sim": 0.015007941983640194,