{
  "SPLADE03_FTCLIP07_CE": {
    "ndcg@10": 0.1063,
    "ci_lower": 0.1023039770871068,
    "ci_upper": 0.11029602291289321,
    "n_queries": 22855,
    "mrr": 0.0766,
    "recall@10": 0.0265,
    "source": "splade_pipeline_eval.json",
    "ci_method": "normal_approx"
  },
  "SPLADE_FTCLIP_CE": {
    "ndcg@10": 0.1017,
    "ci_lower": 0.09778134856274803,
    "ci_upper": 0.10561865143725196,
    "n_queries": 22855,
    "mrr": 0.0741,
    "recall@10": 0.0258,
    "source": "splade_pipeline_eval.json",
    "ci_method": "normal_approx"
  },
  "SPLADE05_FTCLIP05_CE": {
    "ndcg@10": 0.0992,
    "ci_lower": 0.09532443091100767,
    "ci_upper": 0.10307556908899232,
    "n_queries": 22855,
    "mrr": 0.0711,
    "recall@10": 0.0258,
    "source": "splade_pipeline_eval.json",
    "ci_method": "normal_approx"
  },
  "FT_BestHybrid_LLMCE": {
    "ndcg@10": 0.0982755656684892,
    "ci_lower": 0.09441611802537585,
    "ci_upper": 0.10213501331160256,
    "n_queries": 22855,
    "mrr": 0.07016952978230598,
    "recall@10": 0.025994311966746883,
    "source": "finetuned_splade_eval.json",
    "ci_method": "normal_approx"
  },
  "SPLADE04_CLIP06_CE": {
    "ndcg@10": 0.0976,
    "ci_lower": 0.09375240004753864,
    "ci_upper": 0.10144759995246137,
    "n_queries": 22855,
    "mrr": 0.071,
    "recall@10": 0.0249,
    "source": "splade_pipeline_eval.json",
    "ci_method": "normal_approx"
  },
  "SPLADE06_FTCLIP04_CE": {
    "ndcg@10": 0.095,
    "ci_lower": 0.09119853014644688,
    "ci_upper": 0.09880146985355312,
    "n_queries": 22855,
    "mrr": 0.0668,
    "recall@10": 0.0251,
    "source": "splade_pipeline_eval.json",
    "ci_method": "normal_approx"
  },
  "SPLADE_CLIP_CE": {
    "ndcg@10": 0.0946,
    "ci_lower": 0.09080570344225086,
    "ci_upper": 0.09839429655774914,
    "n_queries": 22855,
    "mrr": 0.066,
    "recall@10": 0.0253,
    "source": "splade_pipeline_eval.json",
    "ci_method": "normal_approx"
  },
  "FT_SPLADE_LLMCE": {
    "ndcg@10": 0.09356342749735898,
    "ci_lower": 0.08978781660826722,
    "ci_upper": 0.09733903838645074,
    "n_queries": 22855,
    "mrr": 0.0663112340393023,
    "recall@10": 0.02491358564865456,
    "source": "finetuned_splade_eval.json",
    "ci_method": "normal_approx"
  },
  "SPLADE03_CLIP07_CE": {
    "ndcg@10": 0.0934,
    "ci_lower": 0.08962734793473967,
    "ci_upper": 0.09717265206526032,
    "n_queries": 22855,
    "mrr": 0.0704,
    "recall@10": 0.0225,
    "source": "splade_pipeline_eval.json",
    "ci_method": "normal_approx"
  },
  "SPLADE05_CLIP05_CE": {
    "ndcg@10": 0.0933,
    "ci_lower": 0.08952916014781698,
    "ci_upper": 0.09707083985218301,
    "n_queries": 22855,
    "mrr": 0.0667,
    "recall@10": 0.025,
    "source": "splade_pipeline_eval.json",
    "ci_method": "normal_approx"
  },
  "SPLADE_CE": {
    "ndcg@10": 0.0903,
    "ci_lower": 0.08658414780269445,
    "ci_upper": 0.09401585219730556,
    "n_queries": 22855,
    "mrr": 0.064,
    "recall@10": 0.0243,
    "source": "splade_pipeline_eval.json",
    "ci_method": "normal_approx"
  },
  "3T_BM25_LLMtrainedCE": {
    "ndcg@10": 0.08148225062039607,
    "ci_lower": 0.07793541759921399,
    "ci_upper": 0.08502908364157816,
    "n_queries": 22855,
    "mrr": 0.08622293271696821,
    "recall@10": 0.026318092321155107,
    "source": "phase4g_three_tower_eval.json",
    "ci_method": "normal_approx"
  },
  "FT_SPLADE_OffshelfCE": {
    "ndcg@10": 0.07682129076790037,
    "ci_lower": 0.0733686678533371,
    "ci_upper": 0.08027391368246364,
    "n_queries": 22855,
    "mrr": 0.05732495754810346,
    "recall@10": 0.019221176985342377,
    "source": "finetuned_splade_eval.json",
    "ci_method": "normal_approx"
  },
  "Phase2_BestHybrid_OffshelfCE": {
    "ndcg@10": 0.07480553359025899,
    "ci_lower": 0.07139479186320434,
    "ci_upper": 0.07821627531731364,
    "n_queries": 22855,
    "mrr": 0.05538281366655902,
    "recall@10": 0.018192955589586526,
    "source": "phase1_2_splade_eval.json",
    "ci_method": "normal_approx"
  },
  "FT_BestHybrid_OffshelfCE": {
    "ndcg@10": 0.07469933230744162,
    "ci_lower": 0.07129081694068547,
    "ci_upper": 0.07810784767419778,
    "n_queries": 22855,
    "mrr": 0.054588659353481055,
    "recall@10": 0.019151170422227085,
    "source": "finetuned_splade_eval.json",
    "ci_method": "normal_approx"
  },
  "Phase2_SPLADE_OffshelfCE": {
    "ndcg@10": 0.07396845614125871,
    "ci_lower": 0.07057531733623926,
    "ci_upper": 0.07736159494627817,
    "n_queries": 22855,
    "mrr": 0.055536456542800886,
    "recall@10": 0.017746663749726537,
    "source": "phase1_2_splade_eval.json",
    "ci_method": "normal_approx"
  },
  "3T_BM25_OffshelfCE": {
    "ndcg@10": 0.06170850469603876,
    "ci_lower": 0.05858884760219021,
    "ci_upper": 0.06482816178988732,
    "n_queries": 22855,
    "mrr": 0.07123770012830226,
    "recall@10": 0.02028877707285058,
    "source": "phase4g_three_tower_eval.json",
    "ci_method": "normal_approx"
  },
  "SPLADE04_FTCLIP06": {
    "ndcg@10": 0.0589,
    "ci_lower": 0.055847603178501216,
    "ci_upper": 0.061952396821498786,
    "n_queries": 22855,
    "mrr": 0.0793,
    "recall@10": 0.0219,
    "source": "splade_pipeline_eval.json",
    "ci_method": "normal_approx"
  },
  "SPLADE05_FTCLIP05": {
    "ndcg@10": 0.058,
    "ci_lower": 0.05496956546411849,
    "ci_upper": 0.061030434535881514,
    "n_queries": 22855,
    "mrr": 0.0782,
    "recall@10": 0.0213,
    "source": "splade_pipeline_eval.json",
    "ci_method": "normal_approx"
  },
  "SPLADE06_FTCLIP04": {
    "ndcg@10": 0.0576,
    "ci_lower": 0.0545793922037942,
    "ci_upper": 0.060620607796205796,
    "n_queries": 22855,
    "mrr": 0.0765,
    "recall@10": 0.0206,
    "source": "splade_pipeline_eval.json",
    "ci_method": "normal_approx"
  },
  "SPLADE06_CLIP04": {
    "ndcg@10": 0.0565,
    "ci_lower": 0.05350662839457795,
    "ci_upper": 0.059493371605422056,
    "n_queries": 22855,
    "mrr": 0.0753,
    "recall@10": 0.0196,
    "source": "splade_pipeline_eval.json",
    "ci_method": "normal_approx"
  },
  "SPLADE03_FTCLIP07": {
    "ndcg@10": 0.0561,
    "ci_lower": 0.05311661101304687,
    "ci_upper": 0.059083388986953124,
    "n_queries": 22855,
    "mrr": 0.077,
    "recall@10": 0.0216,
    "source": "splade_pipeline_eval.json",
    "ci_method": "normal_approx"
  },
  "SPLADE05_CLIP05": {
    "ndcg@10": 0.0556,
    "ci_lower": 0.05262914918616908,
    "ci_upper": 0.05857085081383091,
    "n_queries": 22855,
    "mrr": 0.0729,
    "recall@10": 0.0192,
    "source": "splade_pipeline_eval.json",
    "ci_method": "normal_approx"
  },
  "Phase2_D_SPL05_DN05": {
    "ndcg@10": 0.05555620113897251,
    "ci_lower": 0.052586451836199956,
    "ci_upper": 0.05852595044174506,
    "n_queries": 22855,
    "mrr": 0.07289827631007252,
    "recall@10": 0.019173047473200616,
    "source": "phase1_2_splade_eval.json",
    "ci_method": "normal_approx"
  },
  "NER_Phase2_D_SPL05_DN05": {
    "ndcg@10": 0.05516190946033719,
    "ci_lower": 0.052202099681314285,
    "ci_upper": 0.05812171923936009,
    "n_queries": 22855,
    "mrr": 0.07096025720152385,
    "recall@10": 0.019151170422227085,
    "source": "phase1_2_splade_eval.json",
    "ci_method": "normal_approx"
  },
  "FT_FashionCLIP_only": {
    "ndcg@10": 0.0542,
    "ci_lower": 0.05126461712216107,
    "ci_upper": 0.057135382877838925,
    "n_queries": 22855,
    "mrr": 0.079,
    "recall@10": 0.0212,
    "source": "splade_pipeline_eval.json",
    "ci_method": "normal_approx"
  },
  "FT_SPL05_DN05": {
    "ndcg@10": 0.054113963444400774,
    "ci_lower": 0.05118077788866866,
    "ci_upper": 0.057047149000132885,
    "n_queries": 22855,
    "mrr": 0.06824702343014678,
    "recall@10": 0.01917158900313571,
    "source": "finetuned_splade_eval.json",
    "ci_method": "normal_approx"
  },
  "SPLADE04_CLIP06": {
    "ndcg@10": 0.0527,
    "ci_lower": 0.049803226527021495,
    "ci_upper": 0.0555967734729785,
    "n_queries": 22855,
    "mrr": 0.0669,
    "recall@10": 0.0178,