{
  "FT_SPLADE_only": {
    "config": "FT_SPLADE_only",
    "n_queries": 22855,
    "metrics": {
      "mrr": 0.06739856313937617,
      "ap": 0.01276773010774615,
      "ndcg@5": 0.03774290460234431,
      "recall@5": 0.010496609057099104,
      "p@5": 0.020870706628746447,
      "ndcg@10": 0.048813080633554204,
      "recall@10": 0.017624152264274776,
      "p@10": 0.017562896521548896,
      "ndcg@20": 0.06847256921127626,
      "recall@20": 0.033327013296385426,
      "p@20": 0.01663093415007657,
      "ndcg@50": 0.10619258063592217,
      "recall@50": 0.07128515520552274,
      "p@50": 0.01424283526580617
    }
  },
  "OffShelf_SPLADE_only": {
    "config": "OffShelf_SPLADE_only",
    "n_queries": 22855,
    "metrics": {
      "mrr": 0.06021261308268898,
      "ap": 0.011532022804222114,
      "ndcg@5": 0.0338553451630779,
      "recall@5": 0.00905709910304091,
      "p@5": 0.017991686720630062,
      "ndcg@10": 0.046362710417840805,
      "recall@10": 0.016700940713191864,
      "p@10": 0.01663968497046598,
      "ndcg@20": 0.06460753370772288,
      "recall@20": 0.030802887770728506,
      "p@20": 0.015370816014001313,
      "ndcg@50": 0.09573476425203589,
      "recall@50": 0.06330246238362625,
      "p@50": 0.012646685626777511
    }
  },
  "FashionCLIP_dense": {
    "config": "FashionCLIP_dense",
    "n_queries": 22855,
    "metrics": {
      "mrr": 0.03744439893759663,
      "ap": 0.007130756422009081,
      "ndcg@5": 0.017449398676410693,
      "recall@5": 0.004681688908335156,
      "p@5": 0.009363377816670312,
      "ndcg@10": 0.027819030781989457,
      "recall@10": 0.011231677969809669,
      "p@10": 0.011231677969809669,
      "ndcg@20": 0.04358939307457353,
      "recall@20": 0.022420574151048884,
      "p@20": 0.01120980091883614,
      "ndcg@50": 0.0708415884467076,
      "recall@50": 0.04833612873429106,
      "p@50": 0.009667031284182892
    }
  },
  "FT_SPL02_DN08": {
    "config": "FT_SPL02_DN08",
    "n_queries": 22855,
    "metrics": {
      "mrr": 0.05412376037570279,
      "ap": 0.00929312517020092,
      "ndcg@5": 0.03157652662666129,
      "recall@5": 0.007919492452417414,
      "p@5": 0.01583898490483483,
      "ndcg@10": 0.04251949342467104,
      "recall@10": 0.013835047035659593,
      "p@10": 0.013835047035659593,
      "ndcg@20": 0.05631934469043599,
      "recall@20": 0.024748292374632344,
      "p@20": 0.012373660030627872,
      "ndcg@50": 0.0861555725403704,
      "recall@50": 0.05280974258003355,
      "p@50": 0.010561365127980747
    }
  },
  "FT_SPL03_DN07": {
    "config": "FT_SPL03_DN07",
    "n_queries": 22855,
    "metrics": {
      "mrr": 0.0585788870092324,
      "ap": 0.010047643314152518,
      "ndcg@5": 0.03523073133312339,
      "recall@5": 0.009022095821483264,
      "p@5": 0.01804419164296653,
      "ndcg@10": 0.04614487606820609,
      "recall@10": 0.014959527455698974,
      "p@10": 0.014959527455698974,
      "ndcg@20": 0.06110561810772772,
      "recall@20": 0.026725977782639344,
      "p@20": 0.013362502734631373,
      "ndcg@50": 0.08899196219331394,
      "recall@50": 0.05370864629670143,
      "p@50": 0.010740756945963683
    }
  },
  "FT_SPL04_DN06": {
    "config": "FT_SPL04_DN06",
    "n_queries": 22855,
    "metrics": {
      "mrr": 0.06235802993416842,
      "ap": 0.010858179543772942,
      "ndcg@5": 0.03649798780838722,
      "recall@5": 0.009984686064318531,
      "p@5": 0.019969372128637062,
      "ndcg@10": 0.048819531098504,
      "recall@10": 0.017059724349157736,
      "p@10": 0.017059724349157736,
      "ndcg@20": 0.06166510630600897,
      "recall@20": 0.02753640098203651,
      "p@20": 0.013767228177641656,
      "ndcg@50": 0.09450995217935453,
      "recall@50": 0.05900483725904859,
      "p@50": 0.0117873550645373
    }
  },
  "FT_SPL05_DN05": {
    "config": "FT_SPL05_DN05",
    "n_queries": 22855,
    "metrics": {
      "mrr": 0.06824702343014678,
      "ap": 0.012101496773637569,
      "ndcg@5": 0.04052816149890001,
      "recall@5": 0.011012907460074382,
      "p@5": 0.022025814920148764,
      "ndcg@10": 0.054113963444400774,
      "recall@10": 0.01917158900313571,
      "p@10": 0.019151170422227085,
      "ndcg@20": 0.07144264859752511,
      "recall@20": 0.03273438829334695,
      "p@20": 0.01633559396193393,
      "ndcg@50": 0.10668334163627083,
      "recall@50": 0.06673375628965215,
      "p@50": 0.013332749945307374
    }
  },
  "FT_SPLADE_OffshelfCE": {
    "config": "FT_SPLADE_OffshelfCE",
    "n_queries": 22855,
    "metrics": {
      "mrr": 0.05732495754810346,
      "ap": 0.007207208661923167,
      "ndcg@5": 0.05111820486753221,
      "recall@5": 0.009359002406475607,
      "p@5": 0.018595493327499452,
      "ndcg@10": 0.07682129076790037,
      "recall@10": 0.019221176985342377,
      "p@10": 0.019159921242616496,
      "ndcg@20": 0.07682129076790037,
      "recall@20": 0.019221176985342377,
      "p@20": 0.009579960621308248,
      "ndcg@50": 0.07682129076790037,
      "recall@50": 0.019221176985342377,
      "p@50": 0.003831984248523299
    }
  },
  "FT_SPLADE_LLMCE": {
    "config": "FT_SPLADE_LLMCE",
    "n_queries": 22855,
    "metrics": {
      "mrr": 0.0663112340393023,
      "ap": 0.008876215825789223,
      "ndcg@5": 0.06396259966922485,
      "recall@5": 0.013585648654561366,
      "p@5": 0.02704878582367097,
      "ndcg@10": 0.09356342749735898,
      "recall@10": 0.02491358564865456,
      "p@10": 0.024852329905928682,
      "ndcg@20": 0.09356342749735898,
      "recall@20": 0.02491358564865456,
      "p@20": 0.012426164952964341,
      "ndcg@50": 0.09356342749735898,
      "recall@50": 0.02491358564865456,
      "p@50": 0.004970465981185736
    }
  },
  "FT_BestHybrid_OffshelfCE": {
    "config": "FT_BestHybrid_OffshelfCE",
    "n_queries": 22855,
    "metrics": {
      "mrr": 0.054588659353481055,
      "ap": 0.006959711500730972,
      "ndcg@5": 0.049802705039675564,
      "recall@5": 0.009319623714723255,
      "p@5": 0.01851673594399475,
      "ndcg@10": 0.07469933230744162,
      "recall@10": 0.019151170422227085,
      "p@10": 0.019089914679501205,
      "ndcg@20": 0.07469933230744162,
      "recall@20": 0.019151170422227085,
      "p@20": 0.009544957339750602,
      "ndcg@50": 0.07469933230744162,
      "recall@50": 0.019151170422227085,
      "p@50": 0.0038179829359002407
    }
  },
  "FT_BestHybrid_LLMCE": {
    "config": "FT_BestHybrid_LLMCE",
    "n_queries": 22855,
    "metrics": {
      "mrr": 0.07016952978230598,
      "ap": 0.00950101051140211,
      "ndcg@5": 0.06917357450226584,
      "recall@5": 0.014697002844016628,
      "p@5": 0.029271494202581492,
      "ndcg@10": 0.0982755656684892,
      "recall@10": 0.025994311966746883,
      "p@10": 0.025933056224021003,
      "ndcg@20": 0.0982755656684892,
      "recall@20": 0.025994311966746883,
      "p@20": 0.012966528112010501,
      "ndcg@50": 0.0982755656684892,
      "recall@50": 0.025994311966746883,
      "p@50": 0.005186611244804201
    }
  }
}