{
  "BM25_only": {
    "config": "BM25_only",
    "n_queries": 10000,
    "metrics": {
      "mrr": 0.022090534609525956,
      "ap": 0.0039006500782777357,
      "ndcg@5": 0.013182979076082402,
      "recall@5": 0.0030600000000000002,
      "p@5": 0.0061200000000000004,
      "ndcg@10": 0.018057440654327826,
      "recall@10": 0.005554285714285715,
      "p@10": 0.00555,
      "ndcg@20": 0.02549791869503716,
      "recall@20": 0.010634285714285714,
      "p@20": 0.005315,
      "ndcg@50": 0.04155289829209046,
      "recall@50": 0.02449873015873016,
      "p@50": 0.0048980000000000004
    }
  },
  "Dense_only": {
    "config": "Dense_only",
    "n_queries": 10000,
    "metrics": {
      "mrr": 0.035577078331544956,
      "ap": 0.0068014446698942636,
      "ndcg@5": 0.016109835538974708,
      "recall@5": 0.004841111111111111,
      "p@5": 0.009680000000000001,
      "ndcg@10": 0.02560308349113671,
      "recall@10": 0.010495396825396826,
      "p@10": 0.010490000000000001,
      "ndcg@20": 0.037522134921839416,
      "recall@20": 0.019725396825396826,
      "p@20": 0.00986,
      "ndcg@50": 0.06548877678791042,
      "recall@50": 0.046095396825396824,
      "p@50": 0.009218
    }
  },
  "Hybrid_plain": {
    "config": "Hybrid_plain",
    "n_queries": 10000,
    "metrics": {
      "mrr": 0.04197394814858304,
      "ap": 0.007254470512106498,
      "ndcg@5": 0.022018707876231693,
      "recall@5": 0.006201111111111111,
      "p@5": 0.0124,
      "ndcg@10": 0.03171284248570362,
      "recall@10": 0.011865396825396826,
      "p@10": 0.01186,
      "ndcg@20": 0.04514196000672122,
      "recall@20": 0.021585396825396827,
      "p@20": 0.010790000000000001,
      "ndcg@50": 0.07168676176010323,
      "recall@50": 0.045395396825396825,
      "p@50": 0.009078
    }
  },
  "BM25_NER_GLiNER_v1": {
    "config": "BM25_NER_GLiNER_v1",
    "n_queries": 10000,
    "metrics": {
      "mrr": 0.025754927504206767,
      "ap": 0.004655615216170896,
      "ndcg@5": 0.014360318215459288,
      "recall@5": 0.0035,
      "p@5": 0.007,
      "ndcg@10": 0.020383259086550948,
      "recall@10": 0.006634285714285714,
      "p@10": 0.00663,
      "ndcg@20": 0.028986322220815448,
      "recall@20": 0.012704285714285715,
      "p@20": 0.00635,
      "ndcg@50": 0.047413108390007605,
      "recall@50": 0.028988730158730158,
      "p@50": 0.005796
    }
  },
  "Hybrid_NER_GLiNER_v1": {
    "config": "Hybrid_NER_GLiNER_v1",
    "n_queries": 10000,
    "metrics": {
      "mrr": 0.04318642765556216,
      "ap": 0.007577517531272591,
      "ndcg@5": 0.022716294065566713,
      "recall@5": 0.006451111111111112,
      "p@5": 0.0129,
      "ndcg@10": 0.03290973344848505,
      "recall@10": 0.012385396825396825,
      "p@10": 0.01238,
      "ndcg@20": 0.04590727511880295,
      "recall@20": 0.022005396825396827,
      "p@20": 0.011,
      "ndcg@50": 0.07290972725740479,
      "recall@50": 0.04636539682539683,
      "p@50": 0.009272
    }
  },
  "Full_GLiNER_v1": {
    "config": "Full_GLiNER_v1",
    "n_queries": 10000,
    "metrics": {
      "mrr": 0.05859751084292915,
      "ap": 0.009253172512046944,
      "ndcg@5": 0.03937079635805851,
      "recall@5": 0.009143015873015874,
      "p@5": 0.018260000000000002,
      "ndcg@10": 0.05500380143778625,
      "recall@10": 0.016573015873015875,
      "p@10": 0.01656,
      "ndcg@20": 0.07428414455135071,
      "recall@20": 0.028943015873015874,
      "p@20": 0.014465,
      "ndcg@50": 0.10815816597702795,
      "recall@50": 0.05641301587301588,
      "p@50": 0.01128
    }
  },
  "BM25_NER_GLiNER2": {
    "config": "BM25_NER_GLiNER2",
    "n_queries": 10000,
    "metrics": {
      "mrr": 0.030270622528896677,
      "ap": 0.0055002048266091196,
      "ndcg@5": 0.017056439540168614,
      "recall@5": 0.0043,
      "p@5": 0.0086,
      "ndcg@10": 0.02363535716046847,
      "recall@10": 0.00786,
      "p@10": 0.00786,
      "ndcg@20": 0.03380438357562432,
      "recall@20": 0.015034285714285715,
      "p@20": 0.007515000000000001,
      "ndcg@50": 0.05430253458500397,
      "recall@50": 0.03371984126984127,
      "p@50": 0.006742000000000001
    }
  },
  "Hybrid_NER_GLiNER2": {
    "config": "Hybrid_NER_GLiNER2",
    "n_queries": 10000,
    "metrics": {
      "mrr": 0.04373574816993791,
      "ap": 0.007712986825626885,
      "ndcg@5": 0.022916450499777082,
      "recall@5": 0.006701111111111112,
      "p@5": 0.0134,
      "ndcg@10": 0.033053756753070596,
      "recall@10": 0.012601111111111112,
      "p@10": 0.0126,
      "ndcg@20": 0.04602010985121556,
      "recall@20": 0.022165396825396824,
      "p@20": 0.011080000000000001,
      "ndcg@50": 0.07368354421816689,
      "recall@50": 0.04734539682539683,
      "p@50": 0.009468
    }
  },
  "Full_GLiNER2": {
    "config": "Full_GLiNER2",
    "n_queries": 10000,
    "metrics": {
      "mrr": 0.059150927874689445,
      "ap": 0.00935508311234226,
      "ndcg@5": 0.039869264187373396,
      "recall@5": 0.009308571428571428,
      "p@5": 0.0186,
      "ndcg@10": 0.055590239629571894,
      "recall@10": 0.01683857142857143,
      "p@10": 0.01683,
      "ndcg@20": 0.07491443250808526,
      "recall@20": 0.02936857142857143,
      "p@20": 0.01468,
      "ndcg@50": 0.10975078832463157,
      "recall@50": 0.057398571428571424,
      "p@50": 0.011478
    }
  },
  "Full_plain": {
    "config": "Full_plain",
    "n_queries": 10000,
    "metrics": {
      "mrr": 0.0580207615371465,
      "ap": 0.009148344342751748,
      "ndcg@5": 0.03982503545781828,
      "recall@5": 0.009263015873015874,
      "p@5": 0.0185,
      "ndcg@10": 0.05445072060120275,
      "recall@10": 0.016383015873015872,
      "p@10": 0.016370000000000003,
      "ndcg@20": 0.07328660088977168,
      "recall@20": 0.028343015873015874,
      "p@20": 0.014165,
      "ndcg@50": 0.10644900347340186,
      "recall@50": 0.055263015873015874,
      "p@50": 0.01105
    }
  }
}