{
  "configs": {
    "Hybrid_NER_baseline": {
      "config": "Hybrid_NER_baseline",
      "n_queries": 22855,
      "metrics": {
        "mrr": 0.05582298504401538,
        "ap": 0.009747183718993085,
        "ndcg@5": 0.0324074392526321,
        "recall@5": 0.008298694669291914,
        "p@5": 0.016556552176766572,
        "ndcg@10": 0.04218958157399369,
        "recall@10": 0.014230292423248013,
        "p@10": 0.014189455261430759,
        "ndcg@20": 0.05518046028594121,
        "recall@20": 0.024295194341136146,
        "p@20": 0.01210676000875082,
        "ndcg@50": 0.08415813424403419,
        "recall@50": 0.05149274411142712,
        "p@50": 0.010277838547363815
      }
    },
    "Hybrid_NER_CE_offshelf@50": {
      "config": "Hybrid_NER_CE_offshelf@50",
      "n_queries": 22855,
      "metrics": {
        "mrr": 0.06866016052465114,
        "ap": 0.010997545692427177,
        "ndcg@5": 0.043397079864048914,
        "recall@5": 0.009757164734193831,
        "p@5": 0.0193918179829359,
        "ndcg@10": 0.06389508434765384,
        "recall@10": 0.01948807700721943,
        "p@10": 0.019426821264493545,
        "ndcg@20": 0.08453506104973457,
        "recall@20": 0.033022193052820926,
        "p@20": 0.016479982498359223,
        "ndcg@50": 0.1188190753397509,
        "recall@50": 0.06164369576314447,
        "p@50": 0.012302778385473638
      }
    },
    "Hybrid_NER_CE_finetuned@50": {
      "config": "Hybrid_NER_CE_finetuned@50",
      "n_queries": 22855,
      "metrics": {
        "mrr": 0.06590595349902861,
        "ap": 0.010070681725120063,
        "ndcg@5": 0.04883315496826042,
        "recall@5": 0.0101903303434697,
        "p@5": 0.02025814920148764,
        "ndcg@10": 0.06643376283156177,
        "recall@10": 0.01858479788035684,
        "p@10": 0.018521111354189455,
        "ndcg@20": 0.08852666215963192,
        "recall@20": 0.032823354967305964,
        "p@20": 0.01637934806388099,
        "ndcg@50": 0.12142976257527009,
        "recall@50": 0.061468679355356236,
        "p@50": 0.01228002625246117
      }
    },
    "Hybrid_NER_CE_llm_trained@50": {
      "config": "Hybrid_NER_CE_llm_trained@50",
      "n_queries": 22855,
      "metrics": {
        "mrr": 0.0756778789670374,
        "ap": 0.012513022532555306,
        "ndcg@5": 0.05322304857848202,
        "recall@5": 0.012549162595104402,
        "p@5": 0.024974841391380447,
        "ndcg@10": 0.0734751064431928,
        "recall@10": 0.022897980018960113,
        "p@10": 0.022835265806169326,
        "ndcg@20": 0.09866732861721704,
        "recall@20": 0.03816816159848319,
        "p@20": 0.019052723692846205,
        "ndcg@50": 0.12986301693971244,
        "recall@50": 0.06660103551374609,
        "p@50": 0.013294246335593963
      }
    },
    "Hybrid_NER_CE_attr@50": {
      "config": "Hybrid_NER_CE_attr@50",
      "n_queries": 22855,
      "metrics": {
        "mrr": 0.073980647498187,
        "ap": 0.01188843288839062,
        "ndcg@5": 0.05420620625758953,
        "recall@5": 0.01214322176037337,
        "p@5": 0.024161015095165175,
        "ndcg@10": 0.07378450790937868,
        "recall@10": 0.021738496317363087,
        "p@10": 0.021675782104572307,
        "ndcg@20": 0.09507461416346909,
        "recall@20": 0.0352803908699774,
        "p@20": 0.017608838328593307,
        "ndcg@50": 0.12817236860992937,
        "recall@50": 0.06540654853059141,
        "p@50": 0.013055348938963027
      }
    }
  },
  "settings": {
    "n_queries": 22855,
    "split": "test_only",
    "test_qids_total": 22855,
    "offshelf_model": "cross-encoder/ms-marco-MiniLM-L-6-v2",
    "finetuned_model": "./models/moda-fashion-ce-best",
    "llm_trained_model": "./models/moda-fashion-ce-llm-best",
    "attr_conditioned_model": "./models/moda-fashion-ce-attr-best",
    "pool_size": 100,
    "rerank_top_k": 50
  }
}