{
  "configs": {
    "Hybrid_NER_baseline": {
      "config": "Hybrid_NER_baseline",
      "n_queries": 10000,
      "metrics": {
        "mrr": 0.04318642765556216,
        "ap": 0.007577517531272591,
        "ndcg@5": 0.022716294065566713,
        "recall@5": 0.006451111111111112,
        "p@5": 0.0129,
        "ndcg@10": 0.03290973344848505,
        "recall@10": 0.012385396825396825,
        "p@10": 0.01238,
        "ndcg@20": 0.04590727511880295,
        "recall@20": 0.022005396825396827,
        "p@20": 0.011,
        "ndcg@50": 0.07290972725740479,
        "recall@50": 0.04636539682539683,
        "p@50": 0.009272
      }
    },
    "Hybrid_NER_ColBERT@50": {
      "config": "Hybrid_NER_ColBERT@50",
      "n_queries": 10000,
      "metrics": {
        "mrr": 0.05131100207154376,
        "ap": 0.008180578916134721,
        "ndcg@5": 0.03338530485213802,
        "recall@5": 0.008118730158730159,
        "p@5": 0.016220000000000002,
        "ndcg@10": 0.04800386935010451,
        "recall@10": 0.014918730158730159,
        "p@10": 0.01491,
        "ndcg@20": 0.06787645365853322,
        "recall@20": 0.027343015873015873,
        "p@20": 0.013665,
        "ndcg@50": 0.10189561282630315,
        "recall@50": 0.05457301587301588,
        "p@50": 0.010912
      }
    },
    "Hybrid_NER_CE@50": {
      "config": "Hybrid_NER_CE@50",
      "n_queries": 10000,
      "metrics": {
        "mrr": 0.057855418007281306,
        "ap": 0.009218534369477498,
        "ndcg@5": 0.03960779052057464,
        "recall@5": 0.00923873015873016,
        "p@5": 0.01846,
        "ndcg@10": 0.05489773120136166,
        "recall@10": 0.01662873015873016,
        "p@10": 0.016620000000000003,
        "ndcg@20": 0.07414997499318506,
        "recall@20": 0.028933015873015874,
        "p@20": 0.014459999999999999,
        "ndcg@50": 0.10777673151445133,
        "recall@50": 0.05634301587301587,
        "p@50": 0.011266
      }
    },
    "ColBERT_CE_cascade": {
      "config": "ColBERT_CE_cascade",
      "n_queries": 10000,
      "metrics": {
        "mrr": 0.057791425517037136,
        "ap": 0.00904703129837682,
        "ndcg@5": 0.04008084698615266,
        "recall@5": 0.00928873015873016,
        "p@5": 0.018560000000000004,
        "ndcg@10": 0.05533190561241735,
        "recall@10": 0.01648873015873016,
        "p@10": 0.01648,
        "ndcg@20": 0.07459824225386719,
        "recall@20": 0.028533015873015877,
        "p@20": 0.01426,
        "ndcg@50": 0.1070887555666557,
        "recall@50": 0.05457301587301588,
        "p@50": 0.010912
      }
    }
  },
  "latency": null,
  "settings": {
    "n_queries": 10000,
    "random_state": 42,
    "colbert_model": "colbert-ir/colbertv2.0",
    "ce_model": "cross-encoder/ms-marco-MiniLM-L-6-v2",
    "pool_size": 100,
    "rerank_top_k": 50,
    "bm25_weight": 0.4,
    "dense_weight": 0.6
  }
}