{
  "configs": {
    "Hybrid_NER_baseline": {
      "config": "Hybrid_NER_baseline",
      "n_queries": 22855,
      "metrics": {
        "mrr": 0.05582298504401538,
        "ap": 0.009747183718993085,
        "ndcg@5": 0.0324074392526321,
        "recall@5": 0.008298694669291914,
        "p@5": 0.016556552176766572,
        "ndcg@10": 0.04218958157399369,
        "recall@10": 0.014230292423248013,
        "p@10": 0.014189455261430759,
        "ndcg@20": 0.05518046028594121,
        "recall@20": 0.024295194341136146,
        "p@20": 0.01210676000875082,
        "ndcg@50": 0.08415813424403419,
        "recall@50": 0.05149274411142712,
        "p@50": 0.010277838547363815
      }
    },
    "Hybrid_NER_CE_offshelf@50": {
      "config": "Hybrid_NER_CE_offshelf@50",
      "n_queries": 22855,
      "metrics": {
        "mrr": 0.06713126649222174,
        "ap": 0.010831610948261823,
        "ndcg@5": 0.044190311958090756,
        "recall@5": 0.009507766353095604,
        "p@5": 0.018893021220739444,
        "ndcg@10": 0.06459475563829893,
        "recall@10": 0.019501203237803546,
        "p@10": 0.019439947495077665,
        "ndcg@20": 0.0859250650454373,
        "recall@20": 0.033987214079097695,
        "p@20": 0.016961277619776855,
        "ndcg@50": 0.11951122659088703,
        "recall@50": 0.06196747611755268,
        "p@50": 0.012367534456355285
      }
    },
    "Hybrid_NER_CE_finetuned@50": {
      "config": "Hybrid_NER_CE_finetuned@50",
      "n_queries": 22855,
      "metrics": {
        "mrr": 0.06437362022979372,
        "ap": 0.009963589421284575,
        "ndcg@5": 0.04795761637467127,
        "recall@5": 0.01012907460074382,
        "p@5": 0.02013563771603588,
        "ndcg@10": 0.06536518743825513,
        "recall@10": 0.01829602080750626,
        "p@10": 0.01823233428133888,
        "ndcg@20": 0.0867294876570285,
        "recall@20": 0.03223705000121539,
        "p@20": 0.016086195580835704,
        "ndcg@50": 0.120390287748153,
        "recall@50": 0.0615897323707431,
        "p@50": 0.012300153139356815
      }
    },
    "Hybrid_NER_CE_llm_trained@50": {
      "config": "Hybrid_NER_CE_llm_trained@50",
      "n_queries": 22855,
      "metrics": {
        "mrr": 0.07547326160389867,
        "ap": 0.011922750515347233,
        "ndcg@5": 0.05533113684572238,
        "recall@5": 0.012404287901990812,
        "p@5": 0.024686064318529863,
        "ndcg@10": 0.07472151076566928,
        "recall@10": 0.021738496317363087,
        "p@10": 0.021675782104572307,
        "ndcg@20": 0.09642559270714844,
        "recall@20": 0.03582294173412091,
        "p@20": 0.017880113760665065,
        "ndcg@50": 0.12967669620390876,
        "recall@50": 0.06587034201123022,
        "p@50": 0.01314810763509079
      }
    }
  },
  "settings": {
    "n_queries": 22855,
    "split": "test_only",
    "test_qids_total": 22855,
    "offshelf_model": "cross-encoder/ms-marco-MiniLM-L-6-v2",
    "finetuned_model": "/Users/rohit.anand/Desktop/Hobby/MODA/models/moda-fashion-ce-best",
    "llm_trained_model": "/Users/rohit.anand/Desktop/Hobby/MODA/models/moda-fashion-ce-llm-best",
    "pool_size": 100,
    "rerank_top_k": 50
  }
}