{
  "configs": {
    "Dense_only_baseline": {
      "config": "Dense_only_baseline",
      "n_queries": 10000,
      "metrics": {
        "mrr": 0.035577078331544956,
        "ap": 0.0068014446698942636,
        "ndcg@5": 0.016109835538974708,
        "recall@5": 0.004841111111111111,
        "p@5": 0.009680000000000001,
        "ndcg@10": 0.02560308349113671,
        "recall@10": 0.010495396825396826,
        "p@10": 0.010490000000000001,
        "ndcg@20": 0.037522134921839416,
        "recall@20": 0.019725396825396826,
        "p@20": 0.00986,
        "ndcg@50": 0.06548877678791042,
        "recall@50": 0.046095396825396824,
        "p@50": 0.009218
      }
    },
    "MoE_retrieval": {
      "config": "MoE_retrieval",
      "n_queries": 10000,
      "metrics": {
        "mrr": 0.0370271473021284,
        "ap": 0.007282735954915785,
        "ndcg@5": 0.016657139209384178,
        "recall@5": 0.005031111111111112,
        "p@5": 0.010060000000000001,
        "ndcg@10": 0.026448280377057112,
        "recall@10": 0.010895396825396825,
        "p@10": 0.01089,
        "ndcg@20": 0.039299085662107394,
        "recall@20": 0.021245396825396827,
        "p@20": 0.010620000000000001,
        "ndcg@50": 0.06710764193315466,
        "recall@50": 0.04806539682539683,
        "p@50": 0.009612
      }
    },
    "Hybrid_NER_Dense_baseline": {
      "config": "Hybrid_NER_Dense_baseline",
      "n_queries": 10000,
      "metrics": {
        "mrr": 0.04318642765556216,
        "ap": 0.007577517531272591,
        "ndcg@5": 0.022716294065566713,
        "recall@5": 0.006451111111111112,
        "p@5": 0.0129,
        "ndcg@10": 0.03290973344848505,
        "recall@10": 0.012385396825396825,
        "p@10": 0.01238,
        "ndcg@20": 0.04590727511880295,
        "recall@20": 0.022005396825396827,
        "p@20": 0.011,
        "ndcg@50": 0.07290972725740479,
        "recall@50": 0.04636539682539683,
        "p@50": 0.009272
      }
    },
    "Hybrid_NER_MoE": {
      "config": "Hybrid_NER_MoE",
      "n_queries": 10000,
      "metrics": {
        "mrr": 0.04374333106884797,
        "ap": 0.007809829894848618,
        "ndcg@5": 0.022293899360036392,
        "recall@5": 0.006531111111111112,
        "p@5": 0.013059999999999999,
        "ndcg@10": 0.03303694425281886,
        "recall@10": 0.012865396825396827,
        "p@10": 0.01286,
        "ndcg@20": 0.04632277436878558,
        "recall@20": 0.022715396825396826,
        "p@20": 0.011355,
        "ndcg@50": 0.07358064015742814,
        "recall@50": 0.04807539682539683,
        "p@50": 0.009614
      }
    },
    "Hybrid_NER_MoE_CE@50": {
      "config": "Hybrid_NER_MoE_CE@50",
      "n_queries": 10000,
      "metrics": {
        "mrr": 0.05816248202938609,
        "ap": 0.009320480819487895,
        "ndcg@5": 0.03928332315433971,
        "recall@5": 0.00922873015873016,
        "p@5": 0.01844,
        "ndcg@10": 0.054108492327041825,
        "recall@10": 0.01641873015873016,
        "p@10": 0.01641,
        "ndcg@20": 0.07353841952732777,
        "recall@20": 0.029103015873015874,
        "p@20": 0.014545000000000002,
        "ndcg@50": 0.10856715666135547,
        "recall@50": 0.05781412698412698,
        "p@50": 0.011559999999999999
      }
    },
    "Hybrid_NER_Dense_CE@50": {
      "config": "Hybrid_NER_Dense_CE@50",
      "n_queries": 10000,
      "metrics": {
        "mrr": 0.057855418007281306,
        "ap": 0.009218534369477498,
        "ndcg@5": 0.03960779052057464,
        "recall@5": 0.00923873015873016,
        "p@5": 0.01846,
        "ndcg@10": 0.05489773120136166,
        "recall@10": 0.01662873015873016,
        "p@10": 0.016620000000000003,
        "ndcg@20": 0.07414997499318506,
        "recall@20": 0.028933015873015874,
        "p@20": 0.014459999999999999,
        "ndcg@50": 0.10777673151445133,
        "recall@50": 0.05634301587301587,
        "p@50": 0.011266
      }
    }
  },
  "settings": {
    "n_queries": 10000,
    "random_state": 42,
    "dense_model": "fashion-clip",
    "pool_size": 100,
    "rerank_top_k": 50,
    "bm25_weight": 0.4,
    "dense_weight": 0.6,
    "adaptive_boosts": {
      "color": 0.25,
      "type": 0.3,
      "group": 0.15
    }
  }
}