{
  "configs": {
    "3T_TextOnly": {
      "config": "3T_TextOnly",
      "n_queries": 22855,
      "metrics": {
        "mrr": 0.06487754534088674,
        "ap": 0.013320879142117211,
        "ndcg@5": 0.02931673975537753,
        "recall@5": 0.010164564038989767,
        "p@5": 0.020284401662655875,
        "ndcg@10": 0.04346155548417464,
        "recall@10": 0.01962711782007341,
        "p@10": 0.019584336031502954,
        "ndcg@20": 0.061882543220107764,
        "recall@20": 0.035774812221979146,
        "p@20": 0.01785386129949683,
        "ndcg@50": 0.10278649035178912,
        "recall@50": 0.07837234740756946,
        "p@50": 0.015660468168890836
      }
    },
    "3T_ImageOnly": {
      "config": "3T_ImageOnly",
      "n_queries": 22855,
      "metrics": {
        "mrr": 0.05523826374702384,
        "ap": 0.010379019387004971,
        "ndcg@5": 0.027084791269995537,
        "recall@5": 0.008468849510197137,
        "p@5": 0.016854080070006563,
        "ndcg@10": 0.03681484863737221,
        "recall@10": 0.014856948394467539,
        "p@10": 0.014815138919273683,
        "ndcg@20": 0.05596134346581203,
        "recall@20": 0.02982376820049102,
        "p@20": 0.01488077007219427,
        "ndcg@50": 0.09110261027659021,
        "recall@50": 0.06499185687547096,
        "p@50": 0.012983592211769854
      }
    },
    "3T_Combined": {
      "config": "3T_Combined",
      "n_queries": 22855,
      "metrics": {
        "mrr": 0.06745257128865106,
        "ap": 0.013564329159535848,
        "ndcg@5": 0.028611896706143888,
        "recall@5": 0.009666739590169912,
        "p@5": 0.019251804856705315,
        "ndcg@10": 0.04364566851349087,
        "recall@10": 0.019516274095140864,
        "p@10": 0.019453073725661782,
        "ndcg@20": 0.06263358088256027,
        "recall@20": 0.03560465738107392,
        "p@20": 0.01777072850579742,
        "ndcg@50": 0.10358757339034001,
        "recall@50": 0.07879433141301441,
        "p@50": 0.015744476044629183
      }
    },
    "3T_BM25Hybrid": {
      "config": "3T_BM25Hybrid",
      "n_queries": 22855,
      "metrics": {
        "mrr": 0.07372173640427955,
        "ap": 0.013945573107431435,
        "ndcg@5": 0.03570949370767414,
        "recall@5": 0.010894771384817327,
        "p@5": 0.021667031284182896,
        "ndcg@10": 0.049146425990259375,
        "recall@10": 0.01948370159702472,
        "p@10": 0.019422445854298843,
        "ndcg@20": 0.07007753633380942,
        "recall@20": 0.035996985828532536,
        "p@20": 0.017956683439072415,
        "ndcg@50": 0.10992827121792165,
        "recall@50": 0.07587496049976908,
        "p@50": 0.015157295996499672
      }
    },
    "3T_BM25_OffshelfCE": {
      "config": "3T_BM25_OffshelfCE",
      "n_queries": 22855,
      "metrics": {
        "mrr": 0.0742720230335422,
        "ap": 0.012127107101764779,
        "ndcg@5": 0.04479874178057326,
        "recall@5": 0.010724130387223803,
        "p@5": 0.021325749288995846,
        "ndcg@10": 0.06425240940243652,
        "recall@10": 0.020717567271931744,
        "p@10": 0.020656311529205863,
        "ndcg@20": 0.09035330500750942,
        "recall@20": 0.037462262087070666,
        "p@20": 0.01870050317217239,
        "ndcg@50": 0.14041937221351058,
        "recall@50": 0.08012542842558157,
        "p@50": 0.016010500984467293
      }
    },
    "3T_BM25_LLMtrainedCE": {
      "config": "3T_BM25_LLMtrainedCE",
      "n_queries": 22855,
      "metrics": {
        "mrr": 0.08536640733300717,
        "ap": 0.014589025381499773,
        "ndcg@5": 0.0547269225440834,
        "recall@5": 0.013940056880332532,
        "p@5": 0.0277576022752133,
        "ndcg@10": 0.08082638275352425,
        "recall@10": 0.02701815795230803,
        "p@10": 0.026956902209582148,
        "ndcg@20": 0.1117478516036937,
        "recall@20": 0.04810325968059506,
        "p@20": 0.02402100196893459,
        "ndcg@50": 0.15694935883323227,
        "recall@50": 0.08863414278421936,
        "p@50": 0.017708160140013127
      }
    },
    "3T_SPLADEHybrid": {
      "config": "3T_SPLADEHybrid",
      "n_queries": 22855,
      "metrics": {
        "mrr": 0.08219448517035204,
        "ap": 0.015559427144616332,
        "ndcg@5": 0.0425546688412048,
        "recall@5": 0.012465543644716694,
        "p@5": 0.024808575803981624,
        "ndcg@10": 0.05837898973448498,
        "recall@10": 0.022717129730912274,
        "p@10": 0.022655873988186394,
        "ndcg@20": 0.07736114452464139,
        "recall@20": 0.038632441235810305,
        "p@20": 0.01928462043316561,
        "ndcg@50": 0.12059793899560728,
        "recall@50": 0.08335982887284572,
        "p@50": 0.016657186611244802
      }
    },
    "3T_SPLADE_OffshelfCE": {
      "config": "3T_SPLADE_OffshelfCE",
      "n_queries": 22855,
      "metrics": {
        "mrr": 0.07036895691209871,
        "ap": 0.011515386052741829,
        "ndcg@5": 0.04031303078734309,
        "recall@5": 0.009910304091008532,
        "p@5": 0.019698096696565304,
        "ndcg@10": 0.058400204762945315,
        "recall@10": 0.019238678626121202,
        "p@10": 0.019177422883395318,
        "ndcg@20": 0.08268518962864486,
        "recall@20": 0.035672719317436014,
        "p@20": 0.017805731787355065,
        "ndcg@50": 0.1381670113664763,
        "recall@50": 0.0796178808429957,
        "p@50": 0.01590899146795012
      }
    },
    "3T_SPLADE_LLMtrainedCE": {
      "config": "3T_SPLADE_LLMtrainedCE",
      "n_queries": 22855,
      "metrics": {
        "mrr": 0.0899371761466617,
        "ap": 0.015322498712538574,
        "ndcg@5": 0.058569737950225846,
        "recall@5": 0.014661999562458982,
        "p@5": 0.029201487639466204,
        "ndcg@10": 0.08329326175993697,
        "recall@10": 0.02715379566834391,
        "p@10": 0.02709253992561803,
        "ndcg@20": 0.11325937576794917,
        "recall@20": 0.04735943994749508,
        "p@20": 0.023649092102384597,
        "ndcg@50": 0.1657419717799689,
        "recall@50": 0.09294975570626414,
        "p@50": 0.018575366440603806
      }
    },
    "3T_BM25_SPLADE_3way": {
      "config": "3T_BM25_SPLADE_3way",
      "n_queries": 22855,
      "metrics": {
        "mrr": 0.0823896528132793,
        "ap": 0.015579239922465087,
        "ndcg@5": 0.0417539025066653,
        "recall@5": 0.01255305184861081,
        "p@5": 0.024983592211769854,
        "ndcg@10": 0.05768691382125339,
        "recall@10": 0.02260774447604463,
        "p@10": 0.022546488733318753,
        "ndcg@20": 0.07956614083689362,
        "recall@20": 0.04021001968934588,
        "p@20": 0.020074381973309997,
        "ndcg@50": 0.12215082932206146,
        "recall@50": 0.08420282457035902,
        "p@50": 0.01682170203456574
      }
    },
    "3T_BM25_SPLADE_3way_OffshelfCE": {
      "config": "3T_BM25_SPLADE_3way_OffshelfCE",
      "n_queries": 22855,
      "metrics": {
        "mrr": 0.07002944193095065,
        "ap": 0.01146887561049787,
        "ndcg@5": 0.04023295557074672,
        "recall@5": 0.009726536862830891,
        "p@5": 0.01933056224021002,
        "ndcg@10": 0.05945253858427712,
        "recall@10": 0.019387442572741196,
        "p@10": 0.019326186830015316,
        "ndcg@20": 0.08328060103673515,
        "recall@20": 0.035388317654780135,
        "p@20": 0.017663530956027126,
        "ndcg@50": 0.13548339166117618,
        "recall@50": 0.0770363888281193,
        "p@50": 0.015392693064974842
      }
    },
    "3T_BM25_SPLADE_3way_LLMtrainedCE": {
      "config": "3T_BM25_SPLADE_3way_LLMtrainedCE",
      "n_queries": 22855,
      "metrics": {
        "mrr": 0.08873666399934821,
        "ap": 0.015145339804489079,
        "ndcg@5": 0.05611364191840495,
        "recall@5": 0.014316342157077227,
        "p@5": 0.028510172828702694,
        "ndcg@10": 0.08249975096253197,
        "recall@10": 0.027626339969372127,
        "p@10": 0.027565084226646247,
        "ndcg@20": 0.1130121158288754,
        "recall@20": 0.04788886458105447,
        "p@20": 0.0239138044191643,