{
  "Phase2_SPLADE_OffshelfCE": {
    "config": "Phase2_SPLADE_OffshelfCE",
    "n_queries": 22855,
    "metrics": {
      "mrr": 0.055536456542800886,
      "ap": 0.006861266507623978,
      "ndcg@5": 0.05207285733952685,
      "recall@5": 0.00937650404725443,
      "p@5": 0.0186304966090571,
      "ndcg@10": 0.07396845614125871,
      "recall@10": 0.017746663749726537,
      "p@10": 0.017685408007000657,
      "ndcg@20": 0.07396845614125871,
      "recall@20": 0.017746663749726537,
      "p@20": 0.008842704003500328,
      "ndcg@50": 0.07396845614125871,
      "recall@50": 0.017746663749726537,
      "p@50": 0.0035370816014001316
    }
  },
  "Phase2_A_SPL02_DN08": {
    "config": "Phase2_A_SPL02_DN08",
    "n_queries": 22855,
    "metrics": {
      "mrr": 0.05339484913713606,
      "ap": 0.009275583725394079,
      "ndcg@5": 0.032093301614027965,
      "recall@5": 0.008230146576241524,
      "p@5": 0.016460293152483048,
      "ndcg@10": 0.043177250863194926,
      "recall@10": 0.014469481513891927,
      "p@10": 0.014469481513891927,
      "ndcg@20": 0.05602034426563707,
      "recall@20": 0.02452952186489706,
      "p@20": 0.012264274775760227,
      "ndcg@50": 0.08556891947219217,
      "recall@50": 0.052470891368287996,
      "p@50": 0.01049398381098228
    }
  },
  "Phase2_B_SPL03_DN07": {
    "config": "Phase2_B_SPL03_DN07",
    "n_queries": 22855,
    "metrics": {
      "mrr": 0.06304540209397079,
      "ap": 0.010674223364944176,
      "ndcg@5": 0.039200958649453284,
      "recall@5": 0.00955152045504266,
      "p@5": 0.01910304091008532,
      "ndcg@10": 0.05010660046158596,
      "recall@10": 0.016123386567490704,
      "p@10": 0.016123386567490704,
      "ndcg@20": 0.06348649121488037,
      "recall@20": 0.02639782201803641,
      "p@20": 0.013198424852329907,
      "ndcg@50": 0.09147095399666963,
      "recall@50": 0.053258465203335034,
      "p@50": 0.010651498577991686
    }
  },
  "Phase2_C_SPL04_DN06": {
    "config": "Phase2_C_SPL04_DN06",
    "n_queries": 22855,
    "metrics": {
      "mrr": 0.06687050354410953,
      "ap": 0.011531753568997837,
      "ndcg@5": 0.04102024660779353,
      "recall@5": 0.010465981185736163,
      "p@5": 0.020931962371472327,
      "ndcg@10": 0.0526565568196898,
      "recall@10": 0.017781667031284185,
      "p@10": 0.017781667031284185,
      "ndcg@20": 0.0640535737628268,
      "recall@20": 0.027123167796980967,
      "p@20": 0.013561583898490484,
      "ndcg@50": 0.09485722710866266,
      "recall@50": 0.057180291207856296,
      "p@50": 0.01142244585429884
    }
  },
  "Phase2_D_SPL05_DN05": {
    "config": "Phase2_D_SPL05_DN05",
    "n_queries": 22855,
    "metrics": {
      "mrr": 0.07289827631007252,
      "ap": 0.012580504545222025,
      "ndcg@5": 0.043417392588264075,
      "recall@5": 0.011271056661562022,
      "p@5": 0.022542113323124044,
      "ndcg@10": 0.05555620113897251,
      "recall@10": 0.019173047473200616,
      "p@10": 0.019173047473200616,
      "ndcg@20": 0.07159118828398192,
      "recall@20": 0.03174797637278495,
      "p@20": 0.015843360315029534,
      "ndcg@50": 0.10346775377993946,
      "recall@50": 0.062387029339556144,
      "p@50": 0.01246379348063881
    }
  },
  "Phase2_BestHybrid_OffshelfCE": {
    "config": "Phase2_BestHybrid_OffshelfCE",
    "n_queries": 22855,
    "metrics": {
      "mrr": 0.05538281366655902,
      "ap": 0.00684221090171648,
      "ndcg@5": 0.05021985060452176,
      "recall@5": 0.008956464668562678,
      "p@5": 0.017790417851673596,
      "ndcg@10": 0.07480553359025899,
      "recall@10": 0.018192955589586526,
      "p@10": 0.018131699846860645,
      "ndcg@20": 0.07480553359025899,
      "recall@20": 0.018192955589586526,
      "p@20": 0.009065849923430323,
      "ndcg@50": 0.07480553359025899,
      "recall@50": 0.018192955589586526,
      "p@50": 0.0036263399693721283
    }
  },
  "Phase2_SPLADE_NERexpand_only": {
    "config": "Phase2_SPLADE_NERexpand_only",
    "n_queries": 22855,
    "metrics": {
      "mrr": 0.05974877247183658,
      "ap": 0.011662661137260878,
      "ndcg@5": 0.03430879556513971,
      "recall@5": 0.0092014876394662,
      "p@5": 0.01828046379348064,
      "ndcg@10": 0.04698320817115632,
      "recall@10": 0.01698096696565303,
      "p@10": 0.016919711222927153,
      "ndcg@20": 0.06421756305741518,
      "recall@20": 0.031152920586304967,
      "p@20": 0.015545832421789543,
      "ndcg@50": 0.09392293027322658,
      "recall@50": 0.06297430661902331,
      "p@50": 0.012581054473856925
    }
  },
  "NER_Phase2_A_SPL02_DN08": {
    "config": "NER_Phase2_A_SPL02_DN08",
    "n_queries": 22855,
    "metrics": {
      "mrr": 0.0532107716566068,
      "ap": 0.009209069966089506,
      "ndcg@5": 0.0324993486708487,
      "recall@5": 0.0082126449354627,
      "p@5": 0.0164252898709254,
      "ndcg@10": 0.04277361789406701,
      "recall@10": 0.01422883395318311,
      "p@10": 0.01422883395318311,
      "ndcg@20": 0.05624312453603756,
      "recall@20": 0.024656408760543525,
      "p@20": 0.01232771822358346,
      "ndcg@50": 0.08553318153960424,
      "recall@50": 0.052545273341597996,
      "p@50": 0.01050886020564428
    }
  },
  "NER_Phase2_B_SPL03_DN07": {
    "config": "NER_Phase2_B_SPL03_DN07",
    "n_queries": 22855,
    "metrics": {
      "mrr": 0.06164095387445525,
      "ap": 0.010418867811558803,
      "ndcg@5": 0.038820697100993486,
      "recall@5": 0.009590899146795014,
      "p@5": 0.019181798293590027,
      "ndcg@10": 0.04930973676580808,
      "recall@10": 0.015935243929118357,
      "p@10": 0.015935243929118357,
      "ndcg@20": 0.0623909669223933,
      "recall@20": 0.02612654658596466,
      "p@20": 0.013062787136294027,
      "ndcg@50": 0.09073611118074375,
      "recall@50": 0.05340285373976033,
      "p@50": 0.010680376285276745
    }
  },
  "NER_Phase2_C_SPL04_DN06": {
    "config": "NER_Phase2_C_SPL04_DN06",
    "n_queries": 22855,
    "metrics": {
      "mrr": 0.0664663057229119,
      "ap": 0.011356014093084071,
      "ndcg@5": 0.040291969616108675,
      "recall@5": 0.01010719754977029,
      "p@5": 0.02021439509954058,
      "ndcg@10": 0.05178248984373671,
      "recall@10": 0.017239116167140668,
      "p@10": 0.017239116167140668,
      "ndcg@20": 0.06309142973719942,
      "recall@20": 0.02669875300809451,
      "p@20": 0.013349376504047255,
      "ndcg@50": 0.09454011006411749,
      "recall@50": 0.05742093876856511,
      "p@50": 0.011470575366440606
    }
  },
  "NER_Phase2_D_SPL05_DN05": {
    "config": "NER_Phase2_D_SPL05_DN05",
    "n_queries": 22855,
    "metrics": {
      "mrr": 0.07096025720152385,
      "ap": 0.012354521855626379,
      "ndcg@5": 0.04154578341250312,
      "recall@5": 0.010697877926055567,
      "p@5": 0.021395755852111134,
      "ndcg@10": 0.05516190946033719,
      "recall@10": 0.019151170422227085,
      "p@10": 0.019151170422227085,
      "ndcg@20": 0.06940532740095645,
      "recall@20": 0.03063662218332969,
      "p@20": 0.015287683220301905,
      "ndcg@50": 0.10229277376597246,
      "recall@50": 0.062470162133255555,
      "p@50": 0.012480420039378692
    }
  }
}