{
  "Dense_only": {
    "config": "Dense_only",
    "n_queries": 5000,
    "metrics": {
      "mrr": 0.03606163520983397,
      "ap": 0.03606163520983397,
      "ndcg@5": 0.031047121280866095,
      "recall@5": 0.0472,
      "p@5": 0.00944,
      "ndcg@10": 0.039732946209760645,
      "recall@10": 0.0752,
      "p@10": 0.007520000000000001,
      "ndcg@20": 0.05160849735160131,
      "recall@20": 0.1218,
      "p@20": 0.006090000000000001,
      "ndcg@50": 0.06414961959719274,
      "recall@50": 0.1856,
      "p@50": 0.0037119999999999996
    }
  },
  "MoE_normalized": {
    "config": "MoE_normalized",
    "n_queries": 5000,
    "metrics": {
      "mrr": 0.03585170059216515,
      "ap": 0.03585170059216515,
      "ndcg@5": 0.03081191738448597,
      "recall@5": 0.0468,
      "p@5": 0.00936,
      "ndcg@10": 0.03815775096187497,
      "recall@10": 0.0702,
      "p@10": 0.00702,
      "ndcg@20": 0.051864357435718364,
      "recall@20": 0.124,
      "p@20": 0.0062,
      "ndcg@50": 0.0645825617252412,
      "recall@50": 0.1894,
      "p@50": 0.003788
    }
  },
  "Attr_Rerank": {
    "config": "Attr_Rerank",
    "n_queries": 5000,
    "metrics": {
      "mrr": 0.035348046428004216,
      "ap": 0.035348046428004216,
      "ndcg@5": 0.030145356030332613,
      "recall@5": 0.0456,
      "p@5": 0.00912,
      "ndcg@10": 0.03910744934277681,
      "recall@10": 0.0742,
      "p@10": 0.00742,
      "ndcg@20": 0.049544399164419474,
      "recall@20": 0.1152,
      "p@20": 0.00576,
      "ndcg@50": 0.06346375032562293,
      "recall@50": 0.186,
      "p@50": 0.00372
    }
  },
  "Attr_Rerank_best(c=0.05,cat=0.05)": {
    "config": "Attr_Rerank_best(c=0.05,cat=0.05)",
    "n_queries": 5000,
    "metrics": {
      "mrr": 0.03596942818131862,
      "ap": 0.03596942818131862,
      "ndcg@5": 0.031054843636046946,
      "recall@5": 0.0474,
      "p@5": 0.00948,
      "ndcg@10": 0.039799113559594854,
      "recall@10": 0.0752,
      "p@10": 0.007520000000000001,
      "ndcg@20": 0.05121808378770001,
      "recall@20": 0.1204,
      "p@20": 0.00602,
      "ndcg@50": 0.06437828437501493,
      "recall@50": 0.1874,
      "p@50": 0.0037480000000000005
    }
  },
  "best_params": {
    "color_boost": 0.05,
    "category_boost": 0.05
  }
}