{
  "Dense_only": {
    "config": "Dense_only",
    "n_queries": 5000,
    "metrics": {
      "mrr": 0.03606163520983397,
      "ap": 0.03606163520983397,
      "ndcg@5": 0.031047121280866095,
      "recall@5": 0.0472,
      "p@5": 0.00944,
      "ndcg@10": 0.039732946209760645,
      "recall@10": 0.0752,
      "p@10": 0.007520000000000001,
      "ndcg@20": 0.05160849735160131,
      "recall@20": 0.1218,
      "p@20": 0.006090000000000001,
      "ndcg@50": 0.06414961959719274,
      "recall@50": 0.1856,
      "p@50": 0.0037119999999999996
    }
  },
  "Color_filter": {
    "config": "Color_filter",
    "n_queries": 5000,
    "metrics": {
      "mrr": 0.03657420068330195,
      "ap": 0.03657420068330195,
      "ndcg@5": 0.03129277288925269,
      "recall@5": 0.047,
      "p@5": 0.0094,
      "ndcg@10": 0.04024178853136282,
      "recall@10": 0.0758,
      "p@10": 0.00758,
      "ndcg@20": 0.05219693539949336,
      "recall@20": 0.1228,
      "p@20": 0.0061400000000000005,
      "ndcg@50": 0.06482596827080014,
      "recall@50": 0.1872,
      "p@50": 0.003744
    }
  },
  "Category_filter": {
    "config": "Category_filter",
    "n_queries": 5000,
    "metrics": {
      "mrr": 0.03466877310757743,
      "ap": 0.03466877310757743,
      "ndcg@5": 0.029915040967546304,
      "recall@5": 0.0436,
      "p@5": 0.00872,
      "ndcg@10": 0.03815073669771612,
      "recall@10": 0.07,
      "p@10": 0.007,
      "ndcg@20": 0.04808061920153159,
      "recall@20": 0.1092,
      "p@20": 0.0054600000000000004,
      "ndcg@50": 0.059818136139001776,
      "recall@50": 0.169,
      "p@50": 0.0033799999999999998
    }
  },
  "Combined_filter": {
    "config": "Combined_filter",
    "n_queries": 5000,
    "metrics": {
      "mrr": 0.03504073081746254,
      "ap": 0.03504073081746254,
      "ndcg@5": 0.030484834069521405,
      "recall@5": 0.045,
      "p@5": 0.009,
      "ndcg@10": 0.03879206707721961,
      "recall@10": 0.0716,
      "p@10": 0.0071600000000000006,
      "ndcg@20": 0.04868619382978101,
      "recall@20": 0.1106,
      "p@20": 0.00553,
      "ndcg@50": 0.060735900294570384,
      "recall@50": 0.172,
      "p@50": 0.00344
    }
  },
  "Hybrid_filter_merge": {
    "config": "Hybrid_filter_merge",
    "n_queries": 5000,
    "metrics": {
      "mrr": 0.035685054130695906,
      "ap": 0.035685054130695906,
      "ndcg@5": 0.03139891522245716,
      "recall@5": 0.0474,
      "p@5": 0.00948,
      "ndcg@10": 0.03851275465094631,
      "recall@10": 0.07,
      "p@10": 0.007,
      "ndcg@20": 0.05194474964345038,
      "recall@20": 0.1222,
      "p@20": 0.00611,
      "ndcg@50": 0.0645001644067674,
      "recall@50": 0.1862,
      "p@50": 0.0037240000000000003
    }
  }
}