{
  "Dense_NoRerank": {
    "config": "Dense_NoRerank",
    "n_queries": 2000,
    "metrics": {
      "mrr": 0.034767428604830744,
      "ap": 0.034767428604830744,
      "ndcg@5": 0.029205220207886573,
      "recall@5": 0.043,
      "p@5": 0.0086,
      "ndcg@10": 0.038016979361440155,
      "recall@10": 0.071,
      "p@10": 0.0071,
      "ndcg@20": 0.04863236144647469,
      "recall@20": 0.1125,
      "p@20": 0.005625,
      "ndcg@50": 0.06133388114980443,
      "recall@50": 0.177,
      "p@50": 0.00354
    }
  },
  "Dense_OffshelfCE": {
    "config": "Dense_OffshelfCE",
    "n_queries": 2000,
    "metrics": {
      "mrr": 0.03653185953314849,
      "ap": 0.03653185953314849,
      "ndcg@5": 0.03449178021994733,
      "recall@5": 0.0535,
      "p@5": 0.010700000000000001,
      "ndcg@10": 0.04309569504715425,
      "recall@10": 0.0805,
      "p@10": 0.00805,
      "ndcg@20": 0.05146607519278573,
      "recall@20": 0.114,
      "p@20": 0.0057,
      "ndcg@50": 0.06709010970371017,
      "recall@50": 0.1925,
      "p@50": 0.00385
    }
  },
  "Dense_LLM_CE": {
    "config": "Dense_LLM_CE",
    "n_queries": 2000,
    "metrics": {
      "mrr": 0.04224615989376344,
      "ap": 0.04224615989376344,
      "ndcg@5": 0.03631693522573696,
      "recall@5": 0.0545,
      "p@5": 0.0109,
      "ndcg@10": 0.050234214095831876,
      "recall@10": 0.0985,
      "p@10": 0.009850000000000001,
      "ndcg@20": 0.06420304883065801,
      "recall@20": 0.154,
      "p@20": 0.0077,
      "ndcg@50": 0.0792837549520181,
      "recall@50": 0.2295,
      "p@50": 0.0045899999999999995
    }
  },
  "Dense_AttrCE": {
    "config": "Dense_AttrCE",
    "n_queries": 2000,
    "metrics": {
      "mrr": 0.04299700815733107,
      "ap": 0.04299700815733107,
      "ndcg@5": 0.03935518442479957,
      "recall@5": 0.0615,
      "p@5": 0.0123,
      "ndcg@10": 0.05170279926250318,
      "recall@10": 0.1005,
      "p@10": 0.01005,
      "ndcg@20": 0.06190529311384247,
      "recall@20": 0.1405,
      "p@20": 0.007025,
      "ndcg@50": 0.08042588239876301,
      "recall@50": 0.2335,
      "p@50": 0.00467
    }
  },
  "Fused_NoRerank": {
    "config": "Fused_NoRerank",
    "n_queries": 2000,
    "metrics": {
      "mrr": 0.03691742937825745,
      "ap": 0.03691742937825745,
      "ndcg@5": 0.03216499733496378,
      "recall@5": 0.047,
      "p@5": 0.0094,
      "ndcg@10": 0.040397709554698784,
      "recall@10": 0.0725,
      "p@10": 0.00725,
      "ndcg@20": 0.049414869994031455,
      "recall@20": 0.108,
      "p@20": 0.0054,
      "ndcg@50": 0.06310420074914047,
      "recall@50": 0.1765,
      "p@50": 0.00353
    }
  },
  "Fused_OffshelfCE": {
    "config": "Fused_OffshelfCE",
    "n_queries": 2000,
    "metrics": {
      "mrr": 0.037092140129742115,
      "ap": 0.037092140129742115,
      "ndcg@5": 0.0337724922235387,
      "recall@5": 0.05,
      "p@5": 0.01,
      "ndcg@10": 0.04252806428319815,
      "recall@10": 0.0775,
      "p@10": 0.00775,
      "ndcg@20": 0.05243925936476124,
      "recall@20": 0.1175,
      "p@20": 0.005875,
      "ndcg@50": 0.06778830116169081,
      "recall@50": 0.1945,
      "p@50": 0.0038900000000000002
    }
  },
  "Fused_LLM_CE": {
    "config": "Fused_LLM_CE",
    "n_queries": 2000,
    "metrics": {
      "mrr": 0.04122634918414112,
      "ap": 0.04122634918414112,
      "ndcg@5": 0.03587377957159223,
      "recall@5": 0.0545,
      "p@5": 0.0109,
      "ndcg@10": 0.04871565586403328,
      "recall@10": 0.095,
      "p@10": 0.0095,
      "ndcg@20": 0.06247021129229465,
      "recall@20": 0.15,
      "p@20": 0.0075,
      "ndcg@50": 0.07787410577833193,
      "recall@50": 0.2265,
      "p@50": 0.00453
    }
  },
  "Fused_AttrCE": {
    "config": "Fused_AttrCE",
    "n_queries": 2000,
    "metrics": {
      "mrr": 0.04031999770394489,
      "ap": 0.04031999770394489,
      "ndcg@5": 0.03506074142260132,
      "recall@5": 0.054,
      "p@5": 0.0108,
      "ndcg@10": 0.04920791423112282,
      "recall@10": 0.0985,
      "p@10": 0.009850000000000001,
      "ndcg@20": 0.05930782942146314,
      "recall@20": 0.1385,
      "p@20": 0.006925000000000001,
      "ndcg@50": 0.0774781782857564,
      "recall@50": 0.2295,
      "p@50": 0.0045899999999999995
    }
  }
}