{
  "configs": {
    "ImageOnly": {
      "config": "ImageOnly",
      "n_queries": 22855,
      "metrics": {
        "mrr": 0.06332547499105298,
        "ap": 0.012065597396416924,
        "ndcg@5": 0.029246396720906107,
        "recall@5": 0.009166484357908554,
        "p@5": 0.018210457230365348,
        "ndcg@10": 0.04116280432539007,
        "recall@10": 0.016708233063516372,
        "p@10": 0.01664406038066069,
        "ndcg@20": 0.06021495661393643,
        "recall@20": 0.03126619509467902,
        "p@20": 0.015600525049223365,
        "ndcg@50": 0.10203238432153279,
        "recall@50": 0.07149955030506332,
        "p@50": 0.014285714285714285
      }
    },
    "Hybrid2Way_BM25_Text": {
      "config": "Hybrid2Way_BM25_Text",
      "n_queries": 22855,
      "metrics": {
        "mrr": 0.07865663478843969,
        "ap": 0.014669302706045769,
        "ndcg@5": 0.04286338626315513,
        "recall@5": 0.012039670385765333,
        "p@5": 0.02403850360971341,
        "ndcg@10": 0.05875297363664366,
        "recall@10": 0.02178662582950485,
        "p@10": 0.021745788667687595,
        "ndcg@20": 0.08125405895169732,
        "recall@20": 0.03909234546294271,
        "p@20": 0.0195033909429009,
        "ndcg@50": 0.12101631805245816,
        "recall@50": 0.08148666715282335,
        "p@50": 0.016280026252461166
      }
    },
    "Hybrid2Way_BM25_Image": {
      "config": "Hybrid2Way_BM25_Image",
      "n_queries": 22855,
      "metrics": {
        "mrr": 0.0631600916032077,
        "ap": 0.010656281077905881,
        "ndcg@5": 0.0381479360373078,
        "recall@5": 0.009660905709910305,
        "p@5": 0.01919929993436885,
        "ndcg@10": 0.0453937736020834,
        "recall@10": 0.014673667322978196,
        "p@10": 0.01459199299934369,
        "ndcg@20": 0.05608032827250307,
        "recall@20": 0.02327766839252291,
        "p@20": 0.0115970247210676,
        "ndcg@50": 0.08796104162744406,
        "recall@50": 0.05297989742093877,
        "p@50": 0.01057011594837016
      }
    },
    "Hybrid2Way_Text_Image": {
      "config": "Hybrid2Way_Text_Image",
      "n_queries": 22855,
      "metrics": {
        "mrr": 0.07944099887196969,
        "ap": 0.015523235783648299,
        "ndcg@5": 0.04018579907759402,
        "recall@5": 0.012064464376868665,
        "p@5": 0.024047254430102822,
        "ndcg@10": 0.057159208640947555,
        "recall@10": 0.022511485451761102,
        "p@10": 0.02245022970903522,
        "ndcg@20": 0.08048348198747439,
        "recall@20": 0.04151389192736819,
        "p@20": 0.020726318092321158,
        "ndcg@50": 0.12067292556586821,
        "recall@50": 0.0861596052407691,
        "p@50": 0.017214613870050317
      }
    },
    "Hybrid3Way_BM25_Text_Image": {
      "config": "Hybrid3Way_BM25_Text_Image",
      "n_queries": 22855,
      "metrics": {
        "mrr": 0.0807758935153771,
        "ap": 0.015417601073773046,
        "ndcg@5": 0.041139142097700226,
        "recall@5": 0.01281265952016335,
        "p@5": 0.025543644716692192,
        "ndcg@10": 0.06091193612183475,
        "recall@10": 0.023955370816014003,
        "p@10": 0.023894115073288123,
        "ndcg@20": 0.08342118269304129,
        "recall@20": 0.04191254041177472,
        "p@20": 0.0209144607306935,
        "ndcg@50": 0.12500456411437252,
        "recall@50": 0.08662339872140791,
        "p@50": 0.017307372566178078
      }
    },
    "Hybrid3Way_OffshelfCE": {
      "config": "Hybrid3Way_OffshelfCE",
      "n_queries": 22855,
      "metrics": {
        "mrr": 0.07293911026334089,
        "ap": 0.012345578390398893,
        "ndcg@5": 0.043570362021039116,
        "recall@5": 0.010120323780354408,
        "p@5": 0.020118136075257056,
        "ndcg@10": 0.06262326413381951,
        "recall@10": 0.01982498359221177,
        "p@10": 0.01976372784948589,
        "ndcg@20": 0.09231925461880158,
        "recall@20": 0.03987068232091203,
        "p@20": 0.019903740975716476,
        "ndcg@50": 0.14661034998946326,
        "recall@50": 0.08512895306157174,
        "p@50": 0.017011594837015972
      }
    },
    "Hybrid3Way_LLMtrainedCE": {
      "config": "Hybrid3Way_LLMtrainedCE",
      "n_queries": 22855,
      "metrics": {
        "mrr": 0.08117743172955205,
        "ap": 0.013474038262923744,
        "ndcg@5": 0.05215792832950227,
        "recall@5": 0.013441260118136076,
        "p@5": 0.02676000875082039,
        "ndcg@10": 0.0730855285570696,
        "recall@10": 0.023675344563552834,
        "p@10": 0.023614088820826953,
        "ndcg@20": 0.09908799005018352,
        "recall@20": 0.04067381316998469,
        "p@20": 0.020306278713629403,
        "ndcg@50": 0.15561756599148374,
        "recall@50": 0.08827584530494179,
        "p@50": 0.01764077882301466
      }
    },
    "Hybrid2Way_OffshelfCE": {
      "config": "Hybrid2Way_OffshelfCE",
      "n_queries": 22855,
      "metrics": {
        "mrr": 0.07320717716440747,
        "ap": 0.012414080062022874,
        "ndcg@5": 0.044852793700023985,
        "recall@5": 0.010369722161452636,
        "p@5": 0.020616932837453514,
        "ndcg@10": 0.06365269323209785,
        "recall@10": 0.019667468825202362,
        "p@10": 0.019606213082476485,
        "ndcg@20": 0.09283510825768243,
        "recall@20": 0.039581905248061454,
        "p@20": 0.019759352439291184,
        "ndcg@50": 0.14484190380454515,
        "recall@50": 0.08367194146673473,
        "p@50": 0.016720192518048568
      }
    }
  },
  "settings": {
    "n_queries": 22855,
    "text_encoder": "finetuned",
    "image_weight": 0.3,
    "split": "test_only",
    "elapsed_min": 174.9
  }
}