{
  "configs": {
    "ImageOnly": {
      "config": "ImageOnly",
      "n_queries": 22855,
      "metrics": {
        "mrr": 0.06465321839392316,
        "ap": 0.01192868380919161,
        "ndcg@5": 0.030287882132542892,
        "recall@5": 0.009609859257638739,
        "p@5": 0.01913804419164297,
        "ndcg@10": 0.043232349392015146,
        "recall@10": 0.017774374680959673,
        "p@10": 0.01773353751914242,
        "ndcg@20": 0.06149827368454043,
        "recall@20": 0.0323196966382265,
        "p@20": 0.01612776197768541,
        "ndcg@50": 0.1017191878075009,
        "recall@50": 0.07153747052675077,
        "p@50": 0.014293590024064756
      }
    },
    "Hybrid2Way_BM25_Text": {
      "config": "Hybrid2Way_BM25_Text",
      "n_queries": 22855,
      "metrics": {
        "mrr": 0.0807425275447096,
        "ap": 0.01510229811612033,
        "ndcg@5": 0.04515510913266379,
        "recall@5": 0.012670701767179562,
        "p@5": 0.02529862174578867,
        "ndcg@10": 0.06164446659782666,
        "recall@10": 0.02241911568098398,
        "p@10": 0.02233646904397287,
        "ndcg@20": 0.08462378410963001,
        "recall@20": 0.041005372031405724,
        "p@20": 0.020459418070444105,
        "ndcg@50": 0.1258482937690045,
        "recall@50": 0.0842606772162668,
        "p@50": 0.016834828265149857
      }
    },
    "Hybrid2Way_BM25_Image": {
      "config": "Hybrid2Way_BM25_Image",
      "n_queries": 22855,
      "metrics": {
        "mrr": 0.05827084194846812,
        "ap": 0.00996377329248079,
        "ndcg@5": 0.03391920347834883,
        "recall@5": 0.0092014876394662,
        "p@5": 0.01828046379348064,
        "ndcg@10": 0.041471631126455404,
        "recall@10": 0.014384890250127617,
        "p@10": 0.01430321592649311,
        "ndcg@20": 0.051318262902965886,
        "recall@20": 0.022433214224944698,
        "p@20": 0.011174797637278496,
        "ndcg@50": 0.08466660992924324,
        "recall@50": 0.05359391331826248,
        "p@50": 0.010693502515860862
      }
    },
    "Hybrid2Way_Text_Image": {
      "config": "Hybrid2Way_Text_Image",
      "n_queries": 22855,
      "metrics": {
        "mrr": 0.0804825882946722,
        "ap": 0.015806956505198668,
        "ndcg@5": 0.03724674590856955,
        "recall@5": 0.011622547947203384,
        "p@5": 0.02316342157077226,
        "ndcg@10": 0.05508222405399906,
        "recall@10": 0.022511485451761102,
        "p@10": 0.02245022970903522,
        "ndcg@20": 0.07734471020934393,
        "recall@20": 0.04094168550523834,
        "p@20": 0.02043972872456793,
        "ndcg@50": 0.12076403549002836,
        "recall@50": 0.08921121077323221,
        "p@50": 0.0178245460511923
      }
    },
    "Hybrid3Way_BM25_Text_Image": {
      "config": "Hybrid3Way_BM25_Text_Image",
      "n_queries": 22855,
      "metrics": {
        "mrr": 0.08518991253939698,
        "ap": 0.015944536323475887,
        "ndcg@5": 0.04434027627402138,
        "recall@5": 0.012860789032305113,
        "p@5": 0.025639903740975717,
        "ndcg@10": 0.06184236462817168,
        "recall@10": 0.023320936337781668,
        "p@10": 0.023259680595055787,
        "ndcg@20": 0.08637194673391853,
        "recall@20": 0.042368555385400714,
        "p@20": 0.021141982060818205,
        "ndcg@50": 0.1310458505949507,
        "recall@50": 0.08966868421692312,
        "p@50": 0.01791642966528112
      }
    },
    "Hybrid3Way_OffshelfCE": {
      "config": "Hybrid3Way_OffshelfCE",
      "n_queries": 22855,
      "metrics": {
        "mrr": 0.07437596520667429,
        "ap": 0.012570611570145902,
        "ndcg@5": 0.046098236608603474,
        "recall@5": 0.011271056661562022,
        "p@5": 0.02241960183767228,
        "ndcg@10": 0.06600435105115122,
        "recall@10": 0.021150732881207616,
        "p@10": 0.021089477138481732,
        "ndcg@20": 0.09267114048983627,
        "recall@20": 0.03983130362915968,
        "p@20": 0.0198840516298403,
        "ndcg@50": 0.1455345747760069,
        "recall@50": 0.08523833831643939,
        "p@50": 0.0170334718879895
      }
    },
    "Hybrid3Way_LLMtrainedCE": {
      "config": "Hybrid3Way_LLMtrainedCE",
      "n_queries": 22855,
      "metrics": {
        "mrr": 0.08365012960819775,
        "ap": 0.014103410086893267,
        "ndcg@5": 0.054602195404452915,
        "recall@5": 0.014176329030846643,
        "p@5": 0.028230146576241524,
        "ndcg@10": 0.07641058674509335,
        "recall@10": 0.025211113541894554,
        "p@10": 0.025149857799168673,
        "ndcg@20": 0.10291053697492704,
        "recall@20": 0.04254648873331875,
        "p@20": 0.021242616495296435,
        "ndcg@50": 0.15786975977322276,
        "recall@50": 0.09083546026884466,
        "p@50": 0.01815270181579523
      }
    },
    "Hybrid2Way_OffshelfCE": {
      "config": "Hybrid2Way_OffshelfCE",
      "n_queries": 22855,
      "metrics": {
        "mrr": 0.0755715650444862,
        "ap": 0.012652936510917076,
        "ndcg@5": 0.04804610259437897,
        "recall@5": 0.011502953401881427,
        "p@5": 0.02288339531831109,
        "ndcg@10": 0.06680706223690115,
        "recall@10": 0.02101947057536644,
        "p@10": 0.02095821483264056,
        "ndcg@20": 0.09291976713743161,
        "recall@20": 0.03904372979411264,
        "p@20": 0.019490264712316782,
        "ndcg@50": 0.14400848344100123,
        "recall@50": 0.08337003816330003,
        "p@50": 0.016659811857361626
      }
    }
  },
  "settings": {
    "n_queries": 22855,
    "text_encoder": "finetuned",
    "image_weight": 0.3,
    "split": "test_only",
    "elapsed_min": 88.0
  }
}