{
  "Dense_only": {
    "config": "Dense_only",
    "n_queries": 2000,
    "metrics": {
      "mrr": 0.034767428604830744,
      "ap": 0.034767428604830744,
      "ndcg@5": 0.029205220207886573,
      "recall@5": 0.043,
      "p@5": 0.0086,
      "ndcg@10": 0.038016979361440155,
      "recall@10": 0.071,
      "p@10": 0.0071,
      "ndcg@20": 0.04863236144647469,
      "recall@20": 0.1125,
      "p@20": 0.005625,
      "ndcg@50": 0.06133388114980443,
      "recall@50": 0.177,
      "p@50": 0.00354
    }
  },
  "Fused_ItemTower": {
    "config": "Fused_ItemTower",
    "n_queries": 2000,
    "metrics": {
      "mrr": 0.018356814535107114,
      "ap": 0.018356814535107114,
      "ndcg@5": 0.015111365840825503,
      "recall@5": 0.0235,
      "p@5": 0.0047,
      "ndcg@10": 0.020111339226635844,
      "recall@10": 0.039,
      "p@10": 0.0039000000000000003,
      "ndcg@20": 0.024619996709621825,
      "recall@20": 0.057,
      "p@20": 0.00285,
      "ndcg@50": 0.03598908745502278,
      "recall@50": 0.1145,
      "p@50": 0.00229
    }
  },
  "Fused_Rerank@200": {
    "config": "Fused_Rerank@200",
    "n_queries": 2000,
    "metrics": {
      "mrr": 0.021894269733408796,
      "ap": 0.021894269733408796,
      "ndcg@5": 0.01708173683512432,
      "recall@5": 0.0265,
      "p@5": 0.005300000000000001,
      "ndcg@10": 0.023453381854656664,
      "recall@10": 0.0465,
      "p@10": 0.0046500000000000005,
      "ndcg@20": 0.030342014117202915,
      "recall@20": 0.0745,
      "p@20": 0.003725,
      "ndcg@50": 0.04562556933550174,
      "recall@50": 0.153,
      "p@50": 0.0030600000000000002
    }
  },
  "Interp_0.7_dense": {
    "config": "Interp_0.7_dense",
    "n_queries": 2000,
    "metrics": {
      "mrr": 0.03578912429524486,
      "ap": 0.03578912429524486,
      "ndcg@5": 0.03085482286066499,
      "recall@5": 0.0455,
      "p@5": 0.0091,
      "ndcg@10": 0.0394707351540014,
      "recall@10": 0.073,
      "p@10": 0.007300000000000001,
      "ndcg@20": 0.04946674118605354,
      "recall@20": 0.1125,
      "p@20": 0.005625,
      "ndcg@50": 0.06227970798343406,
      "recall@50": 0.177,
      "p@50": 0.00354
    }
  }
}