{
  "Dense_NoRerank": {
    "config": "Dense_NoRerank",
    "n_queries": 2000,
    "metrics": {
      "mrr": 0.034767428604830744,
      "ap": 0.034767428604830744,
      "ndcg@5": 0.029205220207886573,
      "recall@5": 0.043,
      "p@5": 0.0086,
      "ndcg@10": 0.038016979361440155,
      "recall@10": 0.071,
      "p@10": 0.0071,
      "ndcg@20": 0.04863236144647469,
      "recall@20": 0.1125,
      "p@20": 0.005625,
      "ndcg@50": 0.06133388114980443,
      "recall@50": 0.177,
      "p@50": 0.00354
    }
  },
  "Dense_OffshelfCE": {
    "config": "Dense_OffshelfCE",
    "n_queries": 2000,
    "metrics": {
      "mrr": 0.03531487114885885,
      "ap": 0.03531487114885885,
      "ndcg@5": 0.03063922723197249,
      "recall@5": 0.0455,
      "p@5": 0.0091,
      "ndcg@10": 0.04120504909761493,
      "recall@10": 0.0775,
      "p@10": 0.00775,
      "ndcg@20": 0.050485154961447384,
      "recall@20": 0.1145,
      "p@20": 0.005725000000000001,
      "ndcg@50": 0.0665122993385446,
      "recall@50": 0.1955,
      "p@50": 0.00391
    }
  },
  "Dense_LLM_CE": {
    "config": "Dense_LLM_CE",
    "n_queries": 2000,
    "metrics": {
      "mrr": 0.03958029105603236,
      "ap": 0.03958029105603236,
      "ndcg@5": 0.03242504970324029,
      "recall@5": 0.0475,
      "p@5": 0.0095,
      "ndcg@10": 0.046682794400566004,
      "recall@10": 0.092,
      "p@10": 0.009200000000000002,
      "ndcg@20": 0.059868145447020286,
      "recall@20": 0.144,
      "p@20": 0.0072,
      "ndcg@50": 0.07583385039403502,
      "recall@50": 0.224,
      "p@50": 0.0044800000000000005
    }
  },
  "Dense_AttrCE": {
    "config": "Dense_AttrCE",
    "n_queries": 2000,
    "metrics": {
      "mrr": 0.04299700815733107,
      "ap": 0.04299700815733107,
      "ndcg@5": 0.03935518442479957,
      "recall@5": 0.0615,
      "p@5": 0.0123,
      "ndcg@10": 0.05170279926250318,
      "recall@10": 0.1005,
      "p@10": 0.01005,
      "ndcg@20": 0.06190529311384247,
      "recall@20": 0.1405,
      "p@20": 0.007025,
      "ndcg@50": 0.08042588239876301,
      "recall@50": 0.2335,
      "p@50": 0.00467
    }
  },
  "Fused_NoRerank": {
    "config": "Fused_NoRerank",
    "n_queries": 2000,
    "metrics": {
      "mrr": 0.03691742937825745,
      "ap": 0.03691742937825745,
      "ndcg@5": 0.03216499733496378,
      "recall@5": 0.047,
      "p@5": 0.0094,
      "ndcg@10": 0.040397709554698784,
      "recall@10": 0.0725,
      "p@10": 0.00725,
      "ndcg@20": 0.049414869994031455,
      "recall@20": 0.108,
      "p@20": 0.0054,
      "ndcg@50": 0.06310420074914047,
      "recall@50": 0.1765,
      "p@50": 0.00353
    }
  },
  "Fused_OffshelfCE": {
    "config": "Fused_OffshelfCE",
    "n_queries": 2000,
    "metrics": {
      "mrr": 0.03589143028854625,
      "ap": 0.03589143028854625,
      "ndcg@5": 0.032176224190930545,
      "recall@5": 0.048,
      "p@5": 0.009600000000000001,
      "ndcg@10": 0.04024690587852918,
      "recall@10": 0.0725,
      "p@10": 0.00725,
      "ndcg@20": 0.05130325638881122,
      "recall@20": 0.1165,
      "p@20": 0.005825,
      "ndcg@50": 0.06715171778646728,
      "recall@50": 0.197,
      "p@50": 0.00394
    }
  },
  "Fused_LLM_CE": {
    "config": "Fused_LLM_CE",
    "n_queries": 2000,
    "metrics": {
      "mrr": 0.03902929414311945,
      "ap": 0.03902929414311945,
      "ndcg@5": 0.031752361024921204,
      "recall@5": 0.046,
      "p@5": 0.009200000000000002,
      "ndcg@10": 0.04603883655258947,
      "recall@10": 0.0905,
      "p@10": 0.00905,
      "ndcg@20": 0.0589033370582775,
      "recall@20": 0.142,
      "p@20": 0.0071,
      "ndcg@50": 0.07498489431594166,
      "recall@50": 0.2225,
      "p@50": 0.00445
    }
  },
  "Fused_AttrCE": {
    "config": "Fused_AttrCE",
    "n_queries": 2000,
    "metrics": {
      "mrr": 0.04031999770394489,
      "ap": 0.04031999770394489,
      "ndcg@5": 0.03506074142260132,
      "recall@5": 0.054,
      "p@5": 0.0108,
      "ndcg@10": 0.04920791423112282,
      "recall@10": 0.0985,
      "p@10": 0.009850000000000001,
      "ndcg@20": 0.05930782942146314,
      "recall@20": 0.1385,
      "p@20": 0.006925000000000001,
      "ndcg@50": 0.0774781782857564,
      "recall@50": 0.2295,
      "p@50": 0.0045899999999999995
    }
  }
}