{
  "configs": {
    "A0_Baseline_Hybrid_NoRerank": {
      "config": "A0_Baseline_Hybrid_NoRerank",
      "n_queries": 22855,
      "metrics": {
        "mrr": 0.056689513180153334,
        "ap": 0.01000182739637195,
        "ndcg@5": 0.03358006385223962,
        "recall@5": 0.008944796908043463,
        "p@5": 0.017807919492452418,
        "ndcg@10": 0.04298728153143082,
        "recall@10": 0.014825348209727997,
        "p@10": 0.014784511047910743,
        "ndcg@20": 0.05541591609399025,
        "recall@20": 0.02475461241158025,
        "p@20": 0.012336469043972871,
        "ndcg@50": 0.08528026926053665,
        "recall@50": 0.05264493546269963,
        "p@50": 0.010512360533800044
      }
    },
    "B0_FineTuned_Hybrid_NoRerank": {
      "config": "B0_FineTuned_Hybrid_NoRerank",
      "n_queries": 22855,
      "metrics": {
        "mrr": 0.07441875585316138,
        "ap": 0.014013777425956732,
        "ndcg@5": 0.040123019090800946,
        "recall@5": 0.011676511339604755,
        "p@5": 0.02331218551739226,
        "ndcg@10": 0.05112726235982859,
        "recall@10": 0.018856559469116897,
        "p@10": 0.01877488514548239,
        "ndcg@20": 0.07306635063303747,
        "recall@20": 0.03558229417341209,
        "p@20": 0.01774885145482389,
        "ndcg@50": 0.11346115202377266,
        "recall@50": 0.07875203578113225,
        "p@50": 0.015733099978122948
      }
    },
    "A1_Baseline_OffshelfCE": {
      "config": "A1_Baseline_OffshelfCE",
      "n_queries": 22855,
      "metrics": {
        "mrr": 0.06816345718928178,
        "ap": 0.010921387847014255,
        "ndcg@5": 0.04543223328382428,
        "recall@5": 0.00983154670750383,
        "p@5": 0.019540581929555895,
        "ndcg@10": 0.06609992313213543,
        "recall@10": 0.01988623933493765,
        "p@10": 0.01982498359221177,
        "ndcg@20": 0.08794099211378921,
        "recall@20": 0.03487542234862296,
        "p@20": 0.017405381754539487,
        "ndcg@50": 0.1215050168256963,
        "recall@50": 0.0628075548749362,
        "p@50": 0.012535550207831984
      }
    },
    "B1_FineTuned_OffshelfCE": {
      "config": "B1_FineTuned_OffshelfCE",
      "n_queries": 22855,
      "metrics": {
        "mrr": 0.07287155636417758,
        "ap": 0.012175450736068013,
        "ndcg@5": 0.044694302555550645,
        "recall@5": 0.010452854955152045,
        "p@5": 0.02078319842485233,
        "ndcg@10": 0.06607222007902934,
        "recall@10": 0.02086633121855174,
        "p@10": 0.020805075475825857,
        "ndcg@20": 0.09088947963871721,
        "recall@20": 0.03836116580373855,
        "p@20": 0.019148982717129732,
        "ndcg@50": 0.14038443346984764,
        "recall@50": 0.07990276866233988,
        "p@50": 0.015966746882520238
      }
    },
    "A2_Baseline_LLMtrainedCE": {
      "config": "A2_Baseline_LLMtrainedCE",
      "n_queries": 22855,
      "metrics": {
        "mrr": 0.0751147520722708,
        "ap": 0.011883698539740535,
        "ndcg@5": 0.05463226217455312,
        "recall@5": 0.01245679282432728,
        "p@5": 0.0247910741632028,
        "ndcg@10": 0.0740499424724647,
        "recall@10": 0.021707868446000148,
        "p@10": 0.021645154233209365,
        "ndcg@20": 0.0962988207689617,
        "recall@20": 0.03601983519288267,
        "p@20": 0.017978560490045942,
        "ndcg@50": 0.13072849109686757,
        "recall@50": 0.06695544373951724,
        "p@50": 0.013365127980748194
      }
    },
    "B2_FineTuned_LLMtrainedCE": {
      "config": "B2_FineTuned_LLMtrainedCE",
      "n_queries": 22855,
      "metrics": {
        "mrr": 0.07990731442902728,
        "ap": 0.013403320662766933,
        "ndcg@5": 0.05290578936605118,
        "recall@5": 0.01295121417632903,
        "p@5": 0.025779916867206303,
        "ndcg@10": 0.07519198907364326,
        "recall@10": 0.02406038066068694,
        "p@10": 0.023999124917961058,
        "ndcg@20": 0.10090411503595896,
        "recall@20": 0.04097571647341938,
        "p@20": 0.020457230365346753,
        "ndcg@50": 0.1518863695794726,
        "recall@50": 0.08586742507110041,
        "p@50": 0.017159483701597027
      }
    },
    "A3_Baseline_AttrCE": {
      "config": "A3_Baseline_AttrCE",
      "n_queries": 22855,
      "metrics": {
        "mrr": 0.07378973205650582,
        "ap": 0.01182779792024833,
        "ndcg@5": 0.051799410454820054,
        "recall@5": 0.011447531539415154,
        "p@5": 0.02276963465324874,
        "ndcg@10": 0.07293916544086194,
        "recall@10": 0.02173412090716838,
        "p@10": 0.021671406694377598,
        "ndcg@20": 0.09522163504482246,
        "recall@20": 0.0357398089404215,
        "p@20": 0.01783854736381536,
        "ndcg@50": 0.12915898495836411,
        "recall@50": 0.06662728797491431,
        "p@50": 0.013299496827827608
      }
    },
    "B3_FineTuned_AttrCE": {
      "config": "B3_FineTuned_AttrCE",
      "n_queries": 22855,
      "metrics": {
        "mrr": 0.08227571146844345,
        "ap": 0.01375064043263029,
        "ndcg@5": 0.05560482268503503,
        "recall@5": 0.01343688470794137,
        "p@5": 0.026751257930430976,
        "ndcg@10": 0.07399080820950725,
        "recall@10": 0.022744354505457108,
        "p@10": 0.022682126449354627,
        "ndcg@20": 0.10244072429448635,
        "recall@20": 0.04155861834269185,
        "p@20": 0.020748195143294686,
        "ndcg@50": 0.15329675659774677,
        "recall@50": 0.08701815795230802,
        "p@50": 0.017389630277838547
      }
    }
  },
  "settings": {
    "n_queries": 22855,
    "n_queries_with_qrels": 22855,
    "split": "test_only",
    "test_qids_total": 22855,
    "bm25_weight": 0.4,
    "dense_weight": 0.6,
    "pool_size": 100,
    "rerank_top_k": 50,
    "offshelf_ce": "cross-encoder/ms-marco-MiniLM-L-6-v2",
    "llm_trained_ce": "/Users/rohit.anand/Desktop/Hobby/MODA/models/moda-fashion-ce-llm-best",
    "attr_ce": "/Users/rohit.anand/Desktop/Hobby/MODA/models/moda-fashion-ce-attr-best",
    "finetuned_bienc": "/Users/rohit.anand/Desktop/Hobby/MODA/models/moda-fashionclip-finetuned/best",
    "elapsed_min": 303.0
  }
}