{
  "Baseline_FashionCLIP": {
    "config": "Baseline_FashionCLIP",
    "n_queries": 22855,
    "metrics": {
      "mrr": 0.0208320277169516,
      "ap": 0.0208320277169516,
      "ndcg@5": 0.017831119854450742,
      "recall@5": 0.027521330124699192,
      "p@5": 0.005504266024939838,
      "ndcg@10": 0.022850010584337194,
      "recall@10": 0.0432728068256399,
      "p@10": 0.004327280682563991,
      "ndcg@20": 0.028612905985482266,
      "recall@20": 0.06624371034784511,
      "p@20": 0.003312185517392256,
      "ndcg@50": 0.039911231611064316,
      "recall@50": 0.12386786261211989,
      "p@50": 0.002477357252242398
    }
  },
  "Finetuned_FashionCLIP": {
    "config": "Finetuned_FashionCLIP",
    "n_queries": 22855,
    "metrics": {
      "mrr": 0.04053494396193409,
      "ap": 0.04053494396193409,
      "ndcg@5": 0.03386756995608076,
      "recall@5": 0.049135856486545615,
      "p@5": 0.009827171297309124,
      "ndcg@10": 0.044364612570671424,
      "recall@10": 0.08107635090789761,
      "p@10": 0.008107635090789761,
      "ndcg@20": 0.05526976616364686,
      "recall@20": 0.12452417414132574,
      "p@20": 0.006226208707066288,
      "ndcg@50": 0.07254839850255795,
      "recall@50": 0.21176985342375848,
      "p@50": 0.004235397068475169
    }
  }
}