{
  "configs": {
    "ImageOnly": {
      "config": "ImageOnly",
      "n_queries": 22855,
      "metrics": {
        "mrr": 0.056533474457154606,
        "ap": 0.010162365114911127,
        "ndcg@5": 0.025613606215363918,
        "recall@5": 0.007451323561583899,
        "p@5": 0.014780135637716036,
        "ndcg@10": 0.03793436087573365,
        "recall@10": 0.01457011594837016,
        "p@10": 0.01450886020564428,
        "ndcg@20": 0.05618923988387091,
        "recall@20": 0.028729915651814583,
        "p@20": 0.01433384379785605,
        "ndcg@50": 0.09090595015454538,
        "recall@50": 0.06277352390675514,
        "p@50": 0.012541675782104572
      }
    },
    "Hybrid2Way_BM25_Text": {
      "config": "Hybrid2Way_BM25_Text",
      "n_queries": 22855,
      "metrics": {
        "mrr": 0.05582298504401538,
        "ap": 0.009747183718993085,
        "ndcg@5": 0.0324074392526321,
        "recall@5": 0.008298694669291914,
        "p@5": 0.016556552176766572,
        "ndcg@10": 0.04218958157399369,
        "recall@10": 0.014230292423248013,
        "p@10": 0.014189455261430759,
        "ndcg@20": 0.05518046028594121,
        "recall@20": 0.024295194341136146,
        "p@20": 0.01210676000875082,
        "ndcg@50": 0.08415813424403419,
        "recall@50": 0.05149274411142712,
        "p@50": 0.010277838547363815
      }
    },
    "Hybrid2Way_BM25_Image": {
      "config": "Hybrid2Way_BM25_Image",
      "n_queries": 22855,
      "metrics": {
        "mrr": 0.050782388412207384,
        "ap": 0.00902772643032454,
        "ndcg@5": 0.029760051559191675,
        "recall@5": 0.008063880988842705,
        "p@5": 0.01600525049223365,
        "ndcg@10": 0.03877503893017319,
        "recall@10": 0.013837963975789399,
        "p@10": 0.01375628965215489,
        "ndcg@20": 0.049659428167129135,
        "recall@20": 0.0225075961982547,
        "p@20": 0.011211988623933494,
        "ndcg@50": 0.07963849525036722,
        "recall@50": 0.05001482777899317,
        "p@50": 0.009977685408007
      }
    },
    "Hybrid2Way_Text_Image": {
      "config": "Hybrid2Way_Text_Image",
      "n_queries": 22855,
      "metrics": {
        "mrr": 0.05494545215867027,
        "ap": 0.009644806172036566,
        "ndcg@5": 0.02905942911350072,
        "recall@5": 0.007598629038138993,
        "p@5": 0.015156420914460731,
        "ndcg@10": 0.0404018205147784,
        "recall@10": 0.014540946547072123,
        "p@10": 0.014500109385254869,
        "ndcg@20": 0.05390536419510509,
        "recall@20": 0.02520090425144024,
        "p@20": 0.012559614963902866,
        "ndcg@50": 0.08350833542285956,
        "recall@50": 0.053996451056175405,
        "p@50": 0.01078188580179392
      }
    },
    "Hybrid3Way_BM25_Text_Image": {
      "config": "Hybrid3Way_BM25_Text_Image",
      "n_queries": 22855,
      "metrics": {
        "mrr": 0.06190233708690315,
        "ap": 0.010821556087732883,
        "ndcg@5": 0.033840689249093524,
        "recall@5": 0.009016261941223657,
        "p@5": 0.017991686720630062,
        "ndcg@10": 0.0456834725998376,
        "recall@10": 0.016202143950995406,
        "p@10": 0.016140888208269526,
        "ndcg@20": 0.060458266339094235,
        "recall@20": 0.02738423393859841,
        "p@20": 0.013651279807481952,
        "ndcg@50": 0.09333293526531654,
        "recall@50": 0.05989693478208027,
        "p@50": 0.011962371472325529
      }
    },
    "Hybrid3Way_OffshelfCE": {
      "config": "Hybrid3Way_OffshelfCE",
      "n_queries": 22855,
      "metrics": {
        "mrr": 0.07138841880666398,
        "ap": 0.01159830443440517,
        "ndcg@5": 0.046962957327903565,
        "recall@5": 0.010518486108072631,
        "p@5": 0.0209144607306935,
        "ndcg@10": 0.06589110154848182,
        "recall@10": 0.0197724786698753,
        "p@10": 0.01971122292714942,
        "ndcg@20": 0.08950936078148532,
        "recall@20": 0.03606553392158293,
        "p@20": 0.018000437541019473,
        "ndcg@50": 0.1257783189713008,
        "recall@50": 0.06641337903206203,
        "p@50": 0.013264493546269964
      }
    },
    "Hybrid3Way_LLMtrainedCE": {
      "config": "Hybrid3Way_LLMtrainedCE",
      "n_queries": 22855,
      "metrics": {
        "mrr": 0.07584598853262896,
        "ap": 0.012256807013020583,
        "ndcg@5": 0.056615266631376504,
        "recall@5": 0.013550645373003718,
        "p@5": 0.02697877926055568,
        "ndcg@10": 0.07397655290240981,
        "recall@10": 0.02223291766936484,
        "p@10": 0.022170203456574056,
        "ndcg@20": 0.09530953830314223,
        "recall@20": 0.03611171880697149,
        "p@20": 0.018024502297090354,
        "ndcg@50": 0.13323173966264776,
        "recall@50": 0.0696599333965337,
        "p@50": 0.013913804419164297
      }
    },
    "Hybrid2Way_OffshelfCE": {
      "config": "Hybrid2Way_OffshelfCE",
      "n_queries": 22855,
      "metrics": {
        "mrr": 0.06713126649222174,
        "ap": 0.010831610948261823,
        "ndcg@5": 0.044190311958090756,
        "recall@5": 0.009507766353095604,
        "p@5": 0.018893021220739444,
        "ndcg@10": 0.06459475563829893,
        "recall@10": 0.019501203237803546,
        "p@10": 0.019439947495077665,
        "ndcg@20": 0.0859250650454373,
        "recall@20": 0.033987214079097695,
        "p@20": 0.016961277619776855,
        "ndcg@50": 0.11951122659088703,
        "recall@50": 0.06196747611755268,
        "p@50": 0.012367534456355285
      }
    }
  },
  "settings": {
    "n_queries": 22855,
    "text_encoder": "baseline",
    "image_weight": 0.3,
    "split": "test_only",
    "elapsed_min": 80.7
  }
}