{
  "configs": {
    "3T_TextOnly": {
      "config": "3T_TextOnly",
      "n_queries": 22855,
      "metrics": {
        "mrr": 0.0656892104744281,
        "ap": 0.015758150401984063,
        "ndcg@5": 0.02516890297395867,
        "recall@5": 0.010164564038989767,
        "p@5": 0.020284401662655875,
        "ndcg@10": 0.035471321363392795,
        "recall@10": 0.01962711782007341,
        "p@10": 0.019584336031502954,
        "ndcg@20": 0.05041535871662426,
        "recall@20": 0.035774812221979146,
        "p@20": 0.01785386129949683,
        "ndcg@50": 0.0815997464151014,
        "recall@50": 0.07837234740756946,
        "p@50": 0.015660468168890836
      }
    },
    "3T_ImageOnly": {
      "config": "3T_ImageOnly",
      "n_queries": 22855,
      "metrics": {
        "mrr": 0.05595122753089051,
        "ap": 0.012437355378960268,
        "ndcg@5": 0.023840441173015415,
        "recall@5": 0.008788254454410657,
        "p@5": 0.017492889958433604,
        "ndcg@10": 0.030470273457431096,
        "recall@10": 0.014786941831352245,
        "p@10": 0.01474513235615839,
        "ndcg@20": 0.045573919238474106,
        "recall@20": 0.029508738666472203,
        "p@20": 0.014723255305184861,
        "ndcg@50": 0.07315740339053675,
        "recall@50": 0.06521937820559566,
        "p@50": 0.013029096477794794
      }
    },
    "3T_Combined": {
      "config": "3T_Combined",
      "n_queries": 22855,
      "metrics": {
        "mrr": 0.06560413645631542,
        "ap": 0.01510465126440948,
        "ndcg@5": 0.024408791555473625,
        "recall@5": 0.00924767252485476,
        "p@5": 0.01841172609932181,
        "ndcg@10": 0.03497623699637326,
        "recall@10": 0.018495831206397823,
        "p@10": 0.018433603150295342,
        "ndcg@20": 0.05147498801849125,
        "recall@20": 0.035181214905564064,
        "p@20": 0.01755852111135419,
        "ndcg@50": 0.08263430057596656,
        "recall@50": 0.07632951700333018,
        "p@50": 0.015252679938744258
      }
    },
    "3T_BM25Hybrid": {
      "config": "3T_BM25Hybrid",
      "n_queries": 22855,
      "metrics": {
        "mrr": 0.07471501929775617,
        "ap": 0.013845271629719085,
        "ndcg@5": 0.03807783876942584,
        "recall@5": 0.011097498723838695,
        "p@5": 0.02211332312404288,
        "ndcg@10": 0.05033835603170432,
        "recall@10": 0.019112764043851333,
        "p@10": 0.019050535987748852,
        "ndcg@20": 0.07329399294560363,
        "recall@20": 0.03704368117844381,
        "p@20": 0.018479544957339753,
        "ndcg@50": 0.11132409487389233,
        "recall@50": 0.07650501956780671,
        "p@50": 0.015283307810107198
      }
    },
    "3T_BM25_OffshelfCE": {
      "config": "3T_BM25_OffshelfCE",
      "n_queries": 22855,
      "metrics": {
        "mrr": 0.07123770012830226,
        "ap": 0.011886182801512287,
        "ndcg@5": 0.04305843424982097,
        "recall@5": 0.010899146795012034,
        "p@5": 0.021675782104572307,
        "ndcg@10": 0.06170850469603876,
        "recall@10": 0.02028877707285058,
        "p@10": 0.0202275213301247,
        "ndcg@20": 0.08672553330001236,
        "recall@20": 0.036184642310216585,
        "p@20": 0.01806169328374535,
        "ndcg@50": 0.1352229546426893,
        "recall@50": 0.0782474051386762,
        "p@50": 0.01563509078976154
      }
    },
    "3T_BM25_LLMtrainedCE": {
      "config": "3T_BM25_LLMtrainedCE",
      "n_queries": 22855,
      "metrics": {
        "mrr": 0.08622293271696821,
        "ap": 0.01455021659844551,
        "ndcg@5": 0.056466251173385,
        "recall@5": 0.013506891271056662,
        "p@5": 0.026891271056661562,
        "ndcg@10": 0.08148225062039607,
        "recall@10": 0.026318092321155107,
        "p@10": 0.02625683657842923,
        "ndcg@20": 0.11041703311770695,
        "recall@20": 0.04602931524830453,
        "p@20": 0.022984029752789327,
        "ndcg@50": 0.15640189117376718,
        "recall@50": 0.08708865067211163,
        "p@50": 0.0173992561802669
      }
    },
    "alpha_sweep": {
      "\u03b1=0.3": {
        "dense_ndcg10": 0.03497623699637326,
        "hybrid_ndcg10": 0.05033835603170432
      },
      "\u03b1=0.4": {
        "dense_ndcg10": 0.03595953488002381,
        "hybrid_ndcg10": 0.049922358984216895
      },
      "\u03b1=0.5": {
        "dense_ndcg10": 0.03550826849146201,
        "hybrid_ndcg10": 0.048452155883826405
      },
      "\u03b1=0.6": {
        "dense_ndcg10": 0.035023552131867065,
        "hybrid_ndcg10": 0.04698741844965944
      },
      "\u03b1=0.7": {
        "dense_ndcg10": 0.035576349346106435,
        "hybrid_ndcg10": 0.04623622840663831
      },
      "\u03b1=0.8": {
        "dense_ndcg10": 0.03601285917856955,
        "hybrid_ndcg10": 0.047619837741776395
      }
    }
  },
  "settings": {
    "n_queries": 22855,
    "alpha": "sweep",
    "model_path": "./models/moda-3tower/best",
    "split": "test_only",
    "elapsed_min": 297.8,
    "top_k_rerank": 200,
    "bm25_weight": 0.4,
    "dense_weight": 0.6
  }
}