{
  "Dense_only": {
    "config": "Dense_only",
    "n_queries": 10000,
    "metrics": {
      "mrr": 0.03510485619128952,
      "ap": 0.03510485619128952,
      "ndcg@5": 0.030667074220075183,
      "recall@5": 0.0467,
      "p@5": 0.009340000000000001,
      "ndcg@10": 0.03844196440545937,
      "recall@10": 0.0717,
      "p@10": 0.00717,
      "ndcg@20": 0.049807934306349645,
      "recall@20": 0.1167,
      "p@20": 0.005835,
      "ndcg@50": 0.06258756511621001,
      "recall@50": 0.1819,
      "p@50": 0.003638
    }
  },
  "MoE_trained": {
    "config": "MoE_trained",
    "n_queries": 10000,
    "metrics": {
      "mrr": 0.03424051141132492,
      "ap": 0.03424051141132492,
      "ndcg@5": 0.029076156708733095,
      "recall@5": 0.0433,
      "p@5": 0.008660000000000001,
      "ndcg@10": 0.037289534559378,
      "recall@10": 0.0698,
      "p@10": 0.00698,
      "ndcg@20": 0.048758504984166125,
      "recall@20": 0.1153,
      "p@20": 0.005765,
      "ndcg@50": 0.06119720480067333,
      "recall@50": 0.1788,
      "p@50": 0.0035759999999999998
    }
  },
  "settings": {
    "n_queries": 10000,
    "embed_dims": {
      "color": 64,
      "category": 64,
      "group": 32
    }
  }
}