{
  "configs": {
    "A0_Baseline_Hybrid_NoRerank": {
      "config": "A0_Baseline_Hybrid_NoRerank",
      "n_queries": 22855,
      "metrics": {
        "mrr": 0.05582298504401538,
        "ap": 0.009747183718993085,
        "ndcg@5": 0.0324074392526321,
        "recall@5": 0.008298694669291914,
        "p@5": 0.016556552176766572,
        "ndcg@10": 0.04218958157399369,
        "recall@10": 0.014230292423248013,
        "p@10": 0.014189455261430759,
        "ndcg@20": 0.05518046028594121,
        "recall@20": 0.024295194341136146,
        "p@20": 0.01210676000875082,
        "ndcg@50": 0.08415813424403419,
        "recall@50": 0.05149274411142712,
        "p@50": 0.010277838547363815
      }
    },
    "B0_FineTuned_Hybrid_NoRerank": {
      "config": "B0_FineTuned_Hybrid_NoRerank",
      "n_queries": 22855,
      "metrics": {
        "mrr": 0.07395592701809296,
        "ap": 0.013706571910311528,
        "ndcg@5": 0.03901315396744723,
        "recall@5": 0.010967694888062424,
        "p@5": 0.021894552614307592,
        "ndcg@10": 0.051504797823933066,
        "recall@10": 0.018771968205352586,
        "p@10": 0.018731131043535333,
        "ndcg@20": 0.07300815278893634,
        "recall@20": 0.03514475315394151,
        "p@20": 0.017530080945088605,
        "ndcg@50": 0.11322538069569611,
        "recall@50": 0.07751817010622525,
        "p@50": 0.015486326843141544
      }
    },
    "A1_Baseline_OffshelfCE": {
      "config": "A1_Baseline_OffshelfCE",
      "n_queries": 22855,
      "metrics": {
        "mrr": 0.06713126649222174,
        "ap": 0.010831610948261823,
        "ndcg@5": 0.044190311958090756,
        "recall@5": 0.009507766353095604,
        "p@5": 0.018893021220739444,
        "ndcg@10": 0.06459475563829893,
        "recall@10": 0.019501203237803546,
        "p@10": 0.019439947495077665,
        "ndcg@20": 0.0859250650454373,
        "recall@20": 0.033987214079097695,
        "p@20": 0.016961277619776855,
        "ndcg@50": 0.11951122659088703,
        "recall@50": 0.06196747611755268,
        "p@50": 0.012367534456355285
      }
    },
    "B1_FineTuned_OffshelfCE": {
      "config": "B1_FineTuned_OffshelfCE",
      "n_queries": 22855,
      "metrics": {
        "mrr": 0.07231019824201164,
        "ap": 0.012187677707961565,
        "ndcg@5": 0.04384578356534042,
        "recall@5": 0.010286589367753228,
        "p@5": 0.020450667250054694,
        "ndcg@10": 0.06497603305871644,
        "recall@10": 0.020708816451542333,
        "p@10": 0.020647560708816452,
        "ndcg@20": 0.09007514012776661,
        "recall@20": 0.038291159240623256,
        "p@20": 0.019113979435572085,
        "ndcg@50": 0.139368385419436,
        "recall@50": 0.0798458883298087,
        "p@50": 0.015955370816014003
      }
    },
    "A2_Baseline_LLMtrainedCE": {
      "config": "A2_Baseline_LLMtrainedCE",
      "n_queries": 22855,
      "metrics": {
        "mrr": 0.07547326160389867,
        "ap": 0.011922750515347233,
        "ndcg@5": 0.05533113684572238,
        "recall@5": 0.012404287901990812,
        "p@5": 0.024686064318529863,
        "ndcg@10": 0.07472151076566928,
        "recall@10": 0.021738496317363087,
        "p@10": 0.021675782104572307,
        "ndcg@20": 0.09642559270714844,
        "recall@20": 0.03582294173412091,
        "p@20": 0.017880113760665065,
        "ndcg@50": 0.12967669620390876,
        "recall@50": 0.06587034201123022,
        "p@50": 0.01314810763509079
      }
    },
    "B2_FineTuned_LLMtrainedCE": {
      "config": "B2_FineTuned_LLMtrainedCE",
      "n_queries": 22855,
      "metrics": {
        "mrr": 0.07990659996786839,
        "ap": 0.013417167792048601,
        "ndcg@5": 0.05327255225732521,
        "recall@5": 0.01309560271275432,
        "p@5": 0.026068693940056883,
        "ndcg@10": 0.0756518286578793,
        "recall@10": 0.024279151170422227,
        "p@10": 0.024217895427696347,
        "ndcg@20": 0.10252429676585524,
        "recall@20": 0.04181141982060818,
        "p@20": 0.020875082038941152,
        "ndcg@50": 0.1515601909987775,
        "recall@50": 0.08530737256617808,
        "p@50": 0.01704747320061256
      }
    }
  },
  "settings": {
    "n_queries": 22855,
    "n_queries_with_qrels": 22855,
    "split": "test_only",
    "test_qids_total": 22855,
    "bm25_weight": 0.4,
    "dense_weight": 0.6,
    "pool_size": 100,
    "rerank_top_k": 50,
    "offshelf_ce": "cross-encoder/ms-marco-MiniLM-L-6-v2",
    "llm_trained_ce": "models/models/moda-fashion-ce-llm-best",
    "finetuned_bienc": "models/models/moda-fashionclip-finetuned/best",
    "elapsed_min": 165.9
  }
}