{
  "configs": {
    "Baseline@500_ts": {
      "config": "Baseline@500",
      "n_queries": 22855,
      "metrics": {
        "mrr": 0.05820580117465887,
        "ap": 0.012623867179329175,
        "ndcg@5": 0.02351482017234755,
        "recall@5": 0.008269039111305575,
        "p@5": 0.016495296434040692,
        "ndcg@10": 0.028241519702780916,
        "recall@10": 0.01438877950363402,
        "p@10": 0.014346970028440167,
        "ndcg@20": 0.037467847763385444,
        "recall@20": 0.025440093342084157,
        "p@20": 0.012677751039159921,
        "ndcg@50": 0.05578198242246794,
        "recall@50": 0.05317241546950583,
        "p@50": 0.010612994968278276
      }
    },
    "BiEnc_filter@100": {
      "config": "BiEnc_filter_500\u2192100",
      "n_queries": 22855,
      "metrics": {
        "mrr": 0.07776604236511432,
        "ap": 0.014513360055626489,
        "ndcg@5": 0.03913492373002177,
        "recall@5": 0.010998322759425362,
        "p@5": 0.021955808357033472,
        "ndcg@10": 0.05528732116998881,
        "recall@10": 0.021119618853156375,
        "p@10": 0.021098227958871146,
        "ndcg@20": 0.07613069998448792,
        "recall@20": 0.03735822455577433,
        "p@20": 0.018647998249835925,
        "ndcg@50": 0.1136740803034565,
        "recall@50": 0.07739808940421498,
        "p@50": 0.015461824546051193
      }
    },
    "TwoStage_500_100_CE": {
      "config": "TwoStage_500\u2192100\u2192CE",
      "n_queries": 22855,
      "metrics": {
        "mrr": 0.08290918912475873,
        "ap": 0.01392659595849984,
        "ndcg@5": 0.05840590174519522,
        "recall@5": 0.014360582415712584,
        "p@5": 0.028597681032596807,
        "ndcg@10": 0.07525471902260174,
        "recall@10": 0.023400179877974672,
        "p@10": 0.02333843797856049,
        "ndcg@20": 0.10260734458790502,
        "recall@20": 0.041562507596198256,
        "p@20": 0.02075038284839204,
        "ndcg@50": 0.14857925094021465,
        "recall@50": 0.08310897202168259,
        "p@50": 0.01660730693502516
      }
    },
    "Asymmetric_B100_D500": {
      "config": "Asymmetric_BM25@100+Dense@500",
      "n_queries": 22855,
      "metrics": {
        "mrr": 0.05723319630922166,
        "ap": 0.012323440500351439,
        "ndcg@5": 0.023657577700592465,
        "recall@5": 0.008298694669291914,
        "p@5": 0.016556552176766572,
        "ndcg@10": 0.028231315705878248,
        "recall@10": 0.014134033398964487,
        "p@10": 0.014093196237147233,
        "ndcg@20": 0.03688146715707499,
        "recall@20": 0.024861566883006392,
        "p@20": 0.012388973966309343,
        "ndcg@50": 0.05522875290298614,
        "recall@50": 0.05220107440628115,
        "p@50": 0.01041872675563334
      }
    },
    "Asymmetric_TwoStage_CE": {
      "config": "Asymmetric_TwoStage_CE",
      "n_queries": 22855,
      "metrics": {
        "mrr": 0.08321852337226052,
        "ap": 0.0139328503867512,
        "ndcg@5": 0.05791411018544314,
        "recall@5": 0.014369333236101997,
        "p@5": 0.02861518267337563,
        "ndcg@10": 0.07704093304792743,
        "recall@10": 0.02400836189503877,
        "p@10": 0.023946619995624592,
        "ndcg@20": 0.10552888630308468,
        "recall@20": 0.04295388803811469,
        "p@20": 0.021446073069350254,
        "ndcg@50": 0.14940196713712256,
        "recall@50": 0.08328690536960062,
        "p@50": 0.01663880988842704
      }
    },
    "FT_Baseline@200": {
      "config": "FT_Bienc_Baseline@200",
      "n_queries": 22855,
      "metrics": {
        "mrr": 0.07365514711728396,
        "ap": 0.01566496467960648,
        "ndcg@5": 0.033795959157014055,
        "recall@5": 0.010833029485403146,
        "p@5": 0.021623277182235837,
        "ndcg@10": 0.042486240687476924,
        "recall@10": 0.018317897858479787,
        "p@10": 0.018276088383285934,
        "ndcg@20": 0.062259858977688334,
        "recall@20": 0.03629111062495442,
        "p@20": 0.018103259680595056,
        "ndcg@50": 0.0945926496259007,
        "recall@50": 0.07769756192420818,
        "p@50": 0.01552220520673813
      }
    },
    "FT_CE_pool200": {
      "config": "FT_Bienc_CE_pool200",
      "n_queries": 22855,
      "metrics": {
        "mrr": 0.08861827512221926,
        "ap": 0.015135273456078664,
        "ndcg@5": 0.057524129960057825,
        "recall@5": 0.014876394661999562,
        "p@5": 0.029630277838547367,
        "ndcg@10": 0.08459736201993298,
        "recall@10": 0.028094508860205647,
        "p@10": 0.028033253117479767,
        "ndcg@20": 0.11242044511185983,
        "recall@20": 0.0472242883881475,
        "p@20": 0.023581273244366662,
        "ndcg@50": 0.16686335676734532,
        "recall@50": 0.09411069787792606,
        "p@50": 0.01880726318092321
      }
    },
    "FT_Baseline@500": {
      "config": "FT_Bienc_Baseline@500",
      "n_queries": 22855,
      "metrics": {
        "mrr": 0.07541015580373532,
        "ap": 0.017991402488351134,
        "ndcg@5": 0.029757438573099645,
        "recall@5": 0.011143683609227255,
        "p@5": 0.022244585429884053,
        "ndcg@10": 0.03452015301198154,
        "recall@10": 0.018501665086657428,
        "p@10": 0.018459855611463575,
        "ndcg@20": 0.05034334231913634,
        "recall@20": 0.03702180412747028,
        "p@20": 0.018468606431852986,
        "ndcg@50": 0.07569010815753399,
        "recall@50": 0.0777223559153115,
        "p@50": 0.015523080288777073
      }
    },
    "FT_TwoStage_500_CE": {
      "config": "FT_TwoStage_500\u2192100\u2192CE",
      "n_queries": 22855,
      "metrics": {
        "mrr": 0.08823247170476006,
        "ap": 0.014948880710734518,
        "ndcg@5": 0.05866367144912657,
        "recall@5": 0.014972653686283092,
        "p@5": 0.02982279588711442,
        "ndcg@10": 0.0808697013838595,
        "recall@10": 0.025968059505578647,
        "p@10": 0.02590680376285277,
        "ndcg@20": 0.11065824922754705,
        "recall@20": 0.04635747101290746,
        "p@20": 0.023148107635090794,
        "ndcg@50": 0.15950095997524416,
        "recall@50": 0.09106298159896935,
        "p@50": 0.01819820608182017
      }
    }
  },
  "settings": {
    "n_queries": 22855,
    "split": "test_only",
    "configs_run": [
      "twostage500",
      "asymmetric",
      "ft_bienc_pool200",
      "ft_bienc_twostage500"
    ],
    "llm_ce_model": "./models/moda-fashion-ce-llm-best",
    "dense_model": "fashion-clip",
    "finetuned_bienc": "./models/moda-fashionclip-finetuned/best"
  }
}