{
  "timestamp": "2026-04-01T19:19:49.483792+00:00",
  "aggregated": {
    "mrr": 0.09042970799829327,
    "ap": 0.008730786162862976,
    "ndcg@5": 0.05786845237136175,
    "recall@5": 0.005371616081874417,
    "p@5": 0.03982344286414909,
    "ndcg@10": 0.07654217104637386,
    "recall@10": 0.010012412320770415,
    "p@10": 0.03773908778813144,
    "ndcg@20": 0.10401338587537423,
    "recall@20": 0.017381387038340797,
    "p@20": 0.03336194212849436,
    "ndcg@50": 0.15221184426819737,
    "recall@50": 0.030893563182242754,
    "p@50": 0.023967631191760666,
    "mean_latency_ms": 0.03428740393554919,
    "p95_latency_ms": 0.04108401481062174,
    "n_queries": 4078
  },
  "breakdown_by_product_group": {
    "Garment Lower body": 0.010535531059003431,
    "Accessories": 0.1311048525706992,
    "Swimwear": 0.07560446166842545,
    "Garment Upper body": 0.03648967817853731,
    "Underwear": 0.042873344642902704,
    "Garment Full body": 0.018080795101355636,
    "Socks & Tights": 0.09093425015078456,
    "Shoes": 0.057171012386236605,
    "Underwear/nightwear": 0.24750635079501165,
    "Stationery": 0.9073942437467911,
    "Unknown": 0.09326767935739023,
    "Cosmetic": 0.4484255862038165,
    "Nightwear": 0.14009657788296695,
    "Furniture": 0.720513379857391,
    "Bags": 0.4464802342578024,
    "Items": 0.4919714936294657,
    "Garment and Shoe care": 0.20678808725291634
  }
}