{
  "timestamp": "2026-04-01T19:28:17.766901+00:00",
  "aggregated": {
    "mrr": 0.1088321318773425,
    "ap": 0.011804698585179534,
    "ndcg@5": 0.06676265695062131,
    "recall@5": 0.006553966047410229,
    "p@5": 0.04938695438940657,
    "ndcg@10": 0.08862741237152016,
    "recall@10": 0.012473936919618782,
    "p@10": 0.04774399215301619,
    "ndcg@20": 0.11900142659073022,
    "recall@20": 0.021912098246349116,
    "p@20": 0.042435017165277096,
    "ndcg@50": 0.1774991411113185,
    "recall@50": 0.039673252095794996,
    "p@50": 0.030931829328102012,
    "mean_latency_ms": 0.035387236689358524,
    "p95_latency_ms": 0.04041616339236498,
    "n_queries": 4078
  },
  "breakdown_by_product_group": {
    "Garment Lower body": 0.02552136074901308,
    "Accessories": 0.11503149532171107,
    "Swimwear": 0.06519359685585596,
    "Garment Full body": 0.03630087122262718,
    "Garment Upper body": 0.04156198910876569,
    "Underwear": 0.15678823464728725,
    "Shoes": 0.06284678361972712,
    "Socks & Tights": 0.10533193019524752,
    "Underwear/nightwear": 0.2895504789706823,
    "Stationery": 0.9208156945822441,
    "Items": 0.5143850448662288,
    "Unknown": 0.09698307731632098,
    "Cosmetic": 0.4595834176936811,
    "Furniture": 0.7194592368255208,
    "Nightwear": 0.1056972504605479,
    "Bags": 0.6505149978319906
  }
}