{
  "timestamp": "2026-04-01T19:33:00.741381+00:00",
  "aggregated": {
    "mrr": 0.11539400102639084,
    "ap": 0.011820684589082607,
    "ndcg@5": 0.07513170813121257,
    "recall@5": 0.006930284918276031,
    "p@5": 0.053065228052967144,
    "ndcg@10": 0.09659948039697394,
    "recall@10": 0.012522934045807342,
    "p@10": 0.048504168710152035,
    "ndcg@20": 0.12867449290943403,
    "recall@20": 0.02219121889089508,
    "p@20": 0.04324423737126042,
    "ndcg@50": 0.1844729064728627,
    "recall@50": 0.038709211532963625,
    "p@50": 0.030358018636586562,
    "mean_latency_ms": 0.03373300719594235,
    "p95_latency_ms": 0.03788117319345473,
    "n_queries": 4078
  },
  "breakdown_by_product_group": {
    "Garment Lower body": 0.03770689545747158,
    "Accessories": 0.14265266811197916,
    "Swimwear": 0.03178797272051111,
    "Garment Full body": 0.05319930674173336,
    "Nightwear": 0.1365651007146223,
    "Garment Upper body": 0.05131613040363634,
    "Socks & Tights": 0.047512554996938586,
    "Shoes": 0.09627180895640455,
    "Underwear": 0.18669286723715312,
    "Underwear/nightwear": 0.27104956233196564,
    "Unknown": 0.17989714872453907,
    "Cosmetic": 0.39938870033837676,
    "Furniture": 0.42869526963789406,
    "Bags": 0.5580772959099012,
    "Items": 0.4422678924029812
  }
}