{
  "model_source": "b16-256",
  "checkpoint": "models/b16-256-nearmiss/model.pt",
  "corpus_size": 15000,
  "results": {
    "fashion200k": {
      "text_to_image": {
        "map10": 0.3956166468253969,
        "recall_1": 0.288,
        "recall_10": 0.6550909090909091,
        "avg_recall": 0.4715454545454545,
        "precision_1": 0.288,
        "precision_10": 0.06584999999999999,
        "mrr": 0.3959545634920635
      },
      "text_to_image_map10": 0.3956166468253969,
      "category3_to_product": {
        "map10": 0.21859861767117764,
        "recall_1": 0.2077073807968648,
        "recall_10": 0.3684334343855706,
        "avg_recall": 0.28807040759121766,
        "precision_1": 0.2077073807968648,
        "precision_10": 0.0814500326583932,
        "mrr": 0.2937969788394348
      },
      "category3_to_product_map10": 0.21859861767117764,
      "category2_to_product": {
        "map10": 0.47113671274961594,
        "recall_1": 0.5483870967741935,
        "recall_10": 0.01871350442139583,
        "avg_recall": 0.28355030059779474,
        "precision_1": 0.5483870967741935,
        "precision_10": 0.6064516129032258,
        "mrr": 0.7112903225806452
      },
      "category2_to_product_map10": 0.47113671274961594,
      "category1_to_product": {
        "map10": 1.0,
        "recall_1": 1.0,
        "recall_10": 0.003621539996856043,
        "avg_recall": 0.501810769998428,
        "precision_1": 1.0,
        "precision_10": 1.0,
        "mrr": 1.0
      },
      "category1_to_product_map10": 1.0,
      "primary_map10": 0.3956166468253969
    },
    "atlas": {
      "text_to_image": {
        "map10": 0.21976806531872006,
        "recall_1": 0.1725,
        "recall_10": 0.39252346079517736,
        "avg_recall": 0.28251173039758865,
        "precision_1": 0.1725,
        "precision_10": 0.05805,
        "mrr": 0.2528746031746032
      },
      "text_to_image_map10": 0.21976806531872006,
      "category_to_product": {
        "map10": 0.6666666666666666,
        "recall_1": 0.6666666666666666,
        "recall_10": 0.00246777832676125,
        "avg_recall": 0.33456722249671395,
        "precision_1": 0.6666666666666666,
        "precision_10": 0.6666666666666666,
        "mrr": 0.6666666666666666
      },
      "category_to_product_map10": 0.6666666666666666,
      "primary_map10": 0.21976806531872006
    },
    "polyvore": {
      "text_to_image": {
        "map10": 0.5740081349206351,
        "recall_1": 0.477,
        "recall_10": 0.771,
        "avg_recall": 0.624,
        "precision_1": 0.477,
        "precision_10": 0.0771,
        "mrr": 0.5740081349206351
      },
      "text_to_image_map10": 0.5740081349206351,
      "category_to_product": {
        "map10": 0.41663638904635925,
        "recall_1": 0.5642857142857143,
        "recall_10": 0.3292903086614202,
        "avg_recall": 0.4467880114735672,
        "precision_1": 0.5642857142857143,
        "precision_10": 0.41964285714285715,
        "mrr": 0.6887287414965986
      },
      "category_to_product_map10": 0.41663638904635925,
      "primary_map10": 0.5740081349206351
    },
    "KAGL": {
      "text_to_image": {
        "map10": 0.34834616992630385,
        "recall_1": 0.257,
        "recall_10": 0.59575226995227,
        "avg_recall": 0.426376134976135,
        "precision_1": 0.257,
        "precision_10": 0.07025,
        "mrr": 0.36362400793650795
      },
      "text_to_image_map10": 0.34834616992630385,
      "category3_to_product": {
        "map10": 0.6970301695058189,
        "recall_1": 0.7933884297520661,
        "recall_10": 0.3579247706734591,
        "avg_recall": 0.5756566002127627,
        "precision_1": 0.7933884297520661,
        "precision_10": 0.6471074380165289,
        "mrr": 0.8549094844549391
      },
      "category3_to_product_map10": 0.6970301695058189,
      "category2_to_product": {
        "map10": 0.7154359716859717,
        "recall_1": 0.8108108108108109,
        "recall_10": 0.16428779228297688,
        "avg_recall": 0.48754930154689385,
        "precision_1": 0.8108108108108109,
        "precision_10": 0.7189189189189189,
        "mrr": 0.8468468468468469
      },
      "category2_to_product_map10": 0.7154359716859717,
      "category1_to_product": {
        "map10": 0.7000000000000001,
        "recall_1": 0.8333333333333334,
        "recall_10": 0.05095339090757201,
        "avg_recall": 0.44214336212045263,
        "precision_1": 0.8333333333333334,
        "precision_10": 0.7000000000000001,
        "mrr": 0.8333333333333334
      },
      "category1_to_product_map10": 0.7000000000000001,
      "primary_map10": 0.34834616992630385
    }
  },
  "fsl_baseline": {
    "fashion200k": 0.3859,
    "atlas": 0.6919,
    "polyvore": 0.5783,
    "KAGL": 0.6779
  }
}