{
  "model_source": "fsl",
  "checkpoint": null,
  "corpus_size": 3000,
  "results": {
    "polyvore": {
      "text_to_image": {
        "map10": 0.7380382936507937,
        "recall_1": 0.653,
        "recall_10": 0.9065,
        "avg_recall": 0.77975,
        "precision_1": 0.653,
        "precision_10": 0.09065000000000001,
        "mrr": 0.7380382936507937
      },
      "text_to_image_map10": 0.7380382936507937,
      "category_to_product": {
        "map10": 0.5231891298185941,
        "recall_1": 0.6395348837209303,
        "recall_10": 0.5259219957130037,
        "avg_recall": 0.582728439716967,
        "precision_1": 0.6395348837209303,
        "precision_10": 0.4273255813953488,
        "mrr": 0.7466846622369879
      },
      "category_to_product_map10": 0.5231891298185941,
      "primary_map10": 0.7380382936507937
    }
  },
  "fsl_baseline": {
    "fashion200k": 0.3859,
    "atlas": 0.6919,
    "polyvore": 0.5783,
    "KAGL": 0.6779
  }
}