{
  "init_map10": 0.38288306720836485,
  "best_map10": 0.3830706406945494,
  "final_map10": 0.3830706406945494,
  "eval_log": [
    {
      "step": 50,
      "epoch": 1,
      "map10": 0.3830706406945494,
      "drift": 0.004264364950358868
    },
    {
      "step": 100,
      "epoch": 1,
      "map10": 0.3825817848744436,
      "drift": 0.013994056731462479
    },
    {
      "step": 150,
      "epoch": 1,
      "map10": 0.3811322289409593,
      "drift": 0.02739548496901989
    }
  ]
}