{
  "model_source": "fsl",
  "checkpoint": null,
  "corpus_size": 15000,
  "results": {
    "fashion200k": {
      "text_to_image": {
        "map10": 0.4611901785714285,
        "recall_1": 0.342,
        "recall_10": 0.7337221590909091,
        "avg_recall": 0.5378610795454546,
        "precision_1": 0.342,
        "precision_10": 0.07375,
        "mrr": 0.4614922619047619
      },
      "text_to_image_map10": 0.4611901785714285,
      "category3_to_product": {
        "map10": 0.22587418440414847,
        "recall_1": 0.21097322011757022,
        "recall_10": 0.37076057636859877,
        "avg_recall": 0.2908668982430845,
        "precision_1": 0.21097322011757022,
        "precision_10": 0.0813847158719791,
        "mrr": 0.2984891605237784
      },
      "category3_to_product_map10": 0.22587418440414847,
      "category2_to_product": {
        "map10": 0.47196876600102405,
        "recall_1": 0.6129032258064516,
        "recall_10": 0.018550038399372793,
        "avg_recall": 0.3157266321029122,
        "precision_1": 0.6129032258064516,
        "precision_10": 0.596774193548387,
        "mrr": 0.7715053763440861
      },
      "category2_to_product_map10": 0.47196876600102405,
      "category1_to_product": {
        "map10": 0.9118412698412698,
        "recall_1": 0.8,
        "recall_10": 0.0034687584696288035,
        "avg_recall": 0.40173437923481436,
        "precision_1": 0.8,
        "precision_10": 0.96,
        "mrr": 0.9
      },
      "category1_to_product_map10": 0.9118412698412698,
      "primary_map10": 0.4611901785714285
    },
    "atlas": {
      "text_to_image": {
        "map10": 0.23532134613567646,
        "recall_1": 0.18,
        "recall_10": 0.403642577533702,
        "avg_recall": 0.29182128876685104,
        "precision_1": 0.18,
        "precision_10": 0.05925,
        "mrr": 0.2642535714285714
      },
      "text_to_image_map10": 0.23532134613567646,
      "category_to_product": {
        "map10": 0.6666666666666666,
        "recall_1": 0.6666666666666666,
        "recall_10": 0.00246777832676125,
        "avg_recall": 0.33456722249671395,
        "precision_1": 0.6666666666666666,
        "precision_10": 0.6666666666666666,
        "mrr": 0.6666666666666666
      },
      "category_to_product_map10": 0.6666666666666666,
      "primary_map10": 0.23532134613567646
    },
    "polyvore": {
      "text_to_image": {
        "map10": 0.566913492063492,
        "recall_1": 0.473,
        "recall_10": 0.776,
        "avg_recall": 0.6245,
        "precision_1": 0.473,
        "precision_10": 0.07759999999999999,
        "mrr": 0.566913492063492
      },
      "text_to_image_map10": 0.566913492063492,
      "category_to_product": {
        "map10": 0.44481113000755856,
        "recall_1": 0.6178571428571429,
        "recall_10": 0.3434681847434782,
        "avg_recall": 0.48066266380031053,
        "precision_1": 0.6178571428571429,
        "precision_10": 0.4303571428571429,
        "mrr": 0.7256660997732427
      },
      "category_to_product_map10": 0.44481113000755856,
      "primary_map10": 0.566913492063492
    },
    "KAGL": {
      "text_to_image": {
        "map10": 0.3657875465325019,
        "recall_1": 0.2735,
        "recall_10": 0.6210341727716727,
        "avg_recall": 0.44726708638583634,
        "precision_1": 0.2735,
        "precision_10": 0.07275,
        "mrr": 0.3821535714285715
      },
      "text_to_image_map10": 0.3657875465325019,
      "category3_to_product": {
        "map10": 0.6606613574416605,
        "recall_1": 0.7520661157024794,
        "recall_10": 0.3282540706931117,
        "avg_recall": 0.5401600931977956,
        "precision_1": 0.7520661157024794,
        "precision_10": 0.6239669421487603,
        "mrr": 0.8185130526039616
      },
      "category3_to_product_map10": 0.6606613574416605,
      "category2_to_product": {
        "map10": 0.7457961788318931,
        "recall_1": 0.7837837837837838,
        "recall_10": 0.18228281144905126,
        "avg_recall": 0.4830332976164176,
        "precision_1": 0.7837837837837838,
        "precision_10": 0.7567567567567568,
        "mrr": 0.8484555984555985
      },
      "category2_to_product_map10": 0.7457961788318931,
      "category1_to_product": {
        "map10": 0.7660714285714286,
        "recall_1": 0.8333333333333334,
        "recall_10": 0.12238196233614346,
        "avg_recall": 0.47785764783473833,
        "precision_1": 0.8333333333333334,
        "precision_10": 0.75,
        "mrr": 0.8333333333333334
      },
      "category1_to_product_map10": 0.7660714285714286,
      "primary_map10": 0.3657875465325019
    },
    "iMaterialist": {
      "error": "An error occurred while generating the dataset"
    }
  },
  "fsl_baseline": {
    "fashion200k": 0.3859,
    "atlas": 0.6919,
    "polyvore": 0.5783,
    "KAGL": 0.6779
  }
}