{
  "model_source": "fsl",
  "checkpoint": "checkpoints/v3_phase10/phase10_fsl_multifield/best.pt",
  "corpus_size": 3000,
  "results": {
    "fashion200k": {
      "text_to_image": {
        "map10": 0.6543200562169312,
        "recall_1": 0.5405,
        "recall_10": 0.8862083333333334,
        "avg_recall": 0.7133541666666666,
        "precision_1": 0.5405,
        "precision_10": 0.0891,
        "mrr": 0.654930753968254
      },
      "text_to_image_map10": 0.6543200562169312,
      "category3_to_product": {
        "map10": 0.3193308295540438,
        "recall_1": 0.36538461538461536,
        "recall_10": 0.4819350521273598,
        "avg_recall": 0.4236598337559876,
        "precision_1": 0.36538461538461536,
        "precision_10": 0.11153846153846156,
        "mrr": 0.46291971916971913
      },
      "category3_to_product_map10": 0.3193308295540438,
      "category2_to_product": {
        "map10": 0.5588863287250385,
        "recall_1": 0.7419354838709677,
        "recall_10": 0.10123645859452791,
        "avg_recall": 0.4215859712327478,
        "precision_1": 0.7419354838709677,
        "precision_10": 0.6709677419354838,
        "mrr": 0.8379416282642089
      },
      "category2_to_product_map10": 0.5588863287250385,
      "category1_to_product": {
        "map10": 0.9580873015873015,
        "recall_1": 1.0,
        "recall_10": 0.017743580889845616,
        "avg_recall": 0.5088717904449228,
        "precision_1": 1.0,
        "precision_10": 0.9800000000000001,
        "mrr": 1.0
      },
      "category1_to_product_map10": 0.9580873015873015,
      "primary_map10": 0.6543200562169312
    },
    "atlas": {
      "text_to_image": {
        "map10": 0.341124196664777,
        "recall_1": 0.258,
        "recall_10": 0.5643028166278166,
        "avg_recall": 0.4111514083139083,
        "precision_1": 0.258,
        "precision_10": 0.06684999999999999,
        "mrr": 0.35747321428571427
      },
      "text_to_image_map10": 0.341124196664777,
      "category_to_product": {
        "map10": 0.6333333333333333,
        "recall_1": 0.6666666666666666,
        "recall_10": 0.01147622534549874,
        "avg_recall": 0.3390714460060827,
        "precision_1": 0.6666666666666666,
        "precision_10": 0.6333333333333333,
        "mrr": 0.6666666666666666
      },
      "category_to_product_map10": 0.6333333333333333,
      "primary_map10": 0.341124196664777
    },
    "polyvore": {
      "text_to_image": {
        "map10": 0.7341071428571428,
        "recall_1": 0.648,
        "recall_10": 0.905,
        "avg_recall": 0.7765,
        "precision_1": 0.648,
        "precision_10": 0.09050000000000001,
        "mrr": 0.7341071428571428
      },
      "text_to_image_map10": 0.7341071428571428,
      "category_to_product": {
        "map10": 0.5811114635884501,
        "recall_1": 0.6686046511627907,
        "recall_10": 0.5609224442887504,
        "avg_recall": 0.6147635477257706,
        "precision_1": 0.6686046511627907,
        "precision_10": 0.4563953488372093,
        "mrr": 0.7656722960502031
      },
      "category_to_product_map10": 0.5811114635884501,
      "primary_map10": 0.7341071428571428
    },
    "KAGL": {
      "text_to_image": {
        "map10": 0.5524270238095238,
        "recall_1": 0.4245,
        "recall_10": 0.8449952380952381,
        "avg_recall": 0.6347476190476191,
        "precision_1": 0.4245,
        "precision_10": 0.0898,
        "mrr": 0.5586577380952382
      },
      "text_to_image_map10": 0.5524270238095238,
      "category3_to_product": {
        "map10": 0.7832767696133801,
        "recall_1": 0.8539325842696629,
        "recall_10": 0.5716551454679977,
        "avg_recall": 0.7127938648688303,
        "precision_1": 0.8539325842696629,
        "precision_10": 0.6426966292134831,
        "mrr": 0.9006554307116105
      },
      "category3_to_product_map10": 0.7832767696133801,
      "category2_to_product": {
        "map10": 0.8099032738095238,
        "recall_1": 0.84375,
        "recall_10": 0.33849263969414217,
        "avg_recall": 0.5911213198470711,
        "precision_1": 0.84375,
        "precision_10": 0.759375,
        "mrr": 0.8802083333333334
      },
      "category2_to_product_map10": 0.8099032738095238,
      "category1_to_product": {
        "map10": 0.78,
        "recall_1": 0.8,
        "recall_10": 0.018886747084006984,
        "avg_recall": 0.40944337354200355,
        "precision_1": 0.8,
        "precision_10": 0.78,
        "mrr": 0.8
      },
      "category1_to_product_map10": 0.78,
      "primary_map10": 0.5524270238095238
    }
  },
  "fsl_baseline": {
    "fashion200k": 0.3859,
    "atlas": 0.6919,
    "polyvore": 0.5783,
    "KAGL": 0.6779
  }
}