{
  "model": "phase11b_top2_blocks_head",
  "trainable_params": 14767874,
  "epochs": 5,
  "lr": 5e-06,
  "batch_size": 128,
  "best_loss": 0.004249072357271917,
  "train_time_s": 2570.093770980835,
  "fashion200k_3k": {
    "recall_1": 0.4615,
    "recall_10": 0.8405,
    "mrr": 0.5917728760819759,
    "avg_recall": 0.651
  }
}