{
  "model_source": "moda-distilled",
  "checkpoint": null,
  "corpus_size": 15000,
  "results": {
    "fashion200k": {
      "text_to_image": {
        "map10": 0.4396471031746032,
        "recall_1": 0.324,
        "recall_10": 0.7078575757575758,
        "avg_recall": 0.5159287878787879,
        "precision_1": 0.324,
        "precision_10": 0.07114999999999999,
        "mrr": 0.4403615079365079
      },
      "text_to_image_map10": 0.4396471031746032,
      "category3_to_product": {
        "map10": 0.22240073749218098,
        "recall_1": 0.21423905943827565,
        "recall_10": 0.3668407989917384,
        "avg_recall": 0.29053992921500704,
        "precision_1": 0.21423905943827565,
        "precision_10": 0.08060091443500979,
        "mrr": 0.2911498346344852
      },
      "category3_to_product_map10": 0.22240073749218098,
      "category2_to_product": {
        "map10": 0.5227457757296466,
        "recall_1": 0.7419354838709677,
        "recall_10": 0.019259641160527922,
        "avg_recall": 0.38059756251574783,
        "precision_1": 0.7419354838709677,
        "precision_10": 0.632258064516129,
        "mrr": 0.8411290322580645
      },
      "category2_to_product_map10": 0.5227457757296466,
      "category1_to_product": {
        "map10": 0.9219761904761905,
        "recall_1": 1.0,
        "recall_10": 0.0034144991098892484,
        "avg_recall": 0.5017072495549446,
        "precision_1": 1.0,
        "precision_10": 0.9400000000000001,
        "mrr": 1.0
      },
      "category1_to_product_map10": 0.9219761904761905,
      "primary_map10": 0.4396471031746032
    },
    "atlas": {
      "text_to_image": {
        "map10": 0.21992024266187957,
        "recall_1": 0.1705,
        "recall_10": 0.3848318510897605,
        "avg_recall": 0.27766592554488023,
        "precision_1": 0.1705,
        "precision_10": 0.055650000000000005,
        "mrr": 0.24629305555555556
      },
      "text_to_image_map10": 0.21992024266187957,
      "category_to_product": {
        "map10": 0.6666666666666666,
        "recall_1": 0.6666666666666666,
        "recall_10": 0.00246777832676125,
        "avg_recall": 0.33456722249671395,
        "precision_1": 0.6666666666666666,
        "precision_10": 0.6666666666666666,
        "mrr": 0.6666666666666666
      },
      "category_to_product_map10": 0.6666666666666666,
      "primary_map10": 0.21992024266187957
    },
    "polyvore": {
      "text_to_image": {
        "map10": 0.5380914682539683,
        "recall_1": 0.4325,
        "recall_10": 0.763,
        "avg_recall": 0.59775,
        "precision_1": 0.4325,
        "precision_10": 0.07629999999999999,
        "mrr": 0.5380914682539683
      },
      "text_to_image_map10": 0.5380914682539683,
      "category_to_product": {
        "map10": 0.43248030382788033,
        "recall_1": 0.6035714285714285,
        "recall_10": 0.32962032662225066,
        "avg_recall": 0.4665958775968397,
        "precision_1": 0.6035714285714285,
        "precision_10": 0.4225,
        "mrr": 0.7100524376417234
      },
      "category_to_product_map10": 0.43248030382788033,
      "primary_map10": 0.5380914682539683
    },
    "KAGL": {
      "text_to_image": {
        "map10": 0.361057154431217,
        "recall_1": 0.268,
        "recall_10": 0.6179111874236873,
        "avg_recall": 0.4429555937118437,
        "precision_1": 0.268,
        "precision_10": 0.072,
        "mrr": 0.3762345238095238
      },
      "text_to_image_map10": 0.361057154431217,
      "category3_to_product": {
        "map10": 0.6655458574614419,
        "recall_1": 0.7355371900826446,
        "recall_10": 0.33571154614698495,
        "avg_recall": 0.5356243681148148,
        "precision_1": 0.7355371900826446,
        "precision_10": 0.6297520661157023,
        "mrr": 0.8134625475534566
      },
      "category3_to_product_map10": 0.6655458574614419,
      "category2_to_product": {
        "map10": 0.7354483054483053,
        "recall_1": 0.8108108108108109,
        "recall_10": 0.1800233133733019,
        "avg_recall": 0.49541706209205627,
        "precision_1": 0.8108108108108109,
        "precision_10": 0.7459459459459458,
        "mrr": 0.861111111111111
      },
      "category2_to_product_map10": 0.7354483054483053,
      "category1_to_product": {
        "map10": 0.7571428571428571,
        "recall_1": 0.8333333333333334,
        "recall_10": 0.09857243852661964,
        "avg_recall": 0.4659528859299764,
        "precision_1": 0.8333333333333334,
        "precision_10": 0.7333333333333334,
        "mrr": 0.8333333333333334
      },
      "category1_to_product_map10": 0.7571428571428571,
      "primary_map10": 0.361057154431217
    }
  },
  "fsl_baseline": {
    "fashion200k": 0.3859,
    "atlas": 0.6919,
    "polyvore": 0.5783,
    "KAGL": 0.6779
  }
}