{
  "generated_at": "2026-04-02T20:02:47.919242+00:00",
  "phase1_baselines": {
    "clip": {
      "ndcg@10": 0.0966,
      "mrr": 0.1154,
      "recall@10": 0.0125,
      "p@10": 0.0485
    },
    "fashion-clip": {
      "ndcg@10": 0.0886,
      "mrr": 0.1088,
      "recall@10": 0.0125,
      "p@10": 0.0477
    },
    "fashion-siglip": {
      "ndcg@10": 0.0765,
      "mrr": 0.0904,
      "recall@10": 0.01,
      "p@10": 0.0377
    }
  },
  "phase2_results": {
    "BM25 only": {
      "mrr": 0.16748491996973147,
      "ap": 0.022335099622409472,
      "ndcg@5": 0.11583879951758584,
      "recall@5": 0.011468642624564733,
      "p@5": 0.08661108386463953,
      "ndcg@10": 0.1431831942533109,
      "recall@10": 0.02085483516259413,
      "p@10": 0.08006375674350172,
      "ndcg@20": 0.18871051755100376,
      "recall@20": 0.03783412347514372,
      "p@20": 0.07366356056890633,
      "ndcg@50": 0.2675273032951064,
      "recall@50": 0.06719571573040599,
      "p@50": 0.052682687591956844,
      "mean_latency_ms": 0.03586783707703684,
      "n_queries": 4078
    },
    "Dense (fashion-siglip)": {
      "mrr": 0.09042970799829327,
      "ap": 0.008730786162862976,
      "ndcg@5": 0.05786845237136175,
      "recall@5": 0.005371616081874417,
      "p@5": 0.03982344286414909,
      "ndcg@10": 0.07654217104637386,
      "recall@10": 0.010012412320770415,
      "p@10": 0.03773908778813144,
      "ndcg@20": 0.10401338587537423,
      "recall@20": 0.017381387038340797,
      "p@20": 0.03336194212849436,
      "ndcg@50": 0.15221184426819737,
      "recall@50": 0.030893563182242754,
      "p@50": 0.023967631191760666,
      "mean_latency_ms": 0.03370782648760857,
      "n_queries": 4078
    },
    "Hybrid BM25+Dense (fashion-siglip)": {
      "mrr": 0.1526460767974291,
      "ap": 0.017053220439606175,
      "ndcg@5": 0.09832868152961702,
      "recall@5": 0.009652228340108437,
      "p@5": 0.07263364394310937,
      "ndcg@10": 0.12427874202439039,
      "recall@10": 0.017290848479359293,
      "p@10": 0.06581657675331046,
      "ndcg@20": 0.1662502866114082,
      "recall@20": 0.030348389715463157,
      "p@20": 0.05865620402157921,
      "ndcg@50": 0.24591268480143155,
      "recall@50": 0.05828575490293381,
      "p@50": 0.04552721922511035,
      "mean_latency_ms": 0.033175545262036706,
      "n_queries": 4078
    },
    "Dense (clip)": {
      "mrr": 0.11539400102639084,
      "ap": 0.011820684589082607,
      "ndcg@5": 0.07513170813121257,
      "recall@5": 0.006930284918276031,
      "p@5": 0.053065228052967144,
      "ndcg@10": 0.09659948039697394,
      "recall@10": 0.012522934045807342,
      "p@10": 0.048504168710152035,
      "ndcg@20": 0.12867449290943403,
      "recall@20": 0.02219121889089508,
      "p@20": 0.04324423737126042,
      "ndcg@50": 0.1844729064728627,
      "recall@50": 0.038709211532963625,
      "p@50": 0.030358018636586562,
      "mean_latency_ms": 0.033447621857255055,
      "n_queries": 4078
    },
    "Hybrid BM25+Dense (clip)": {
      "mrr": 0.15988845032126306,
      "ap": 0.01906845107472038,
      "ndcg@5": 0.10677540871577706,
      "recall@5": 0.0105508741135178,
      "p@5": 0.08023540951446788,
      "ndcg@10": 0.1341639396693202,
      "recall@10": 0.018932850659738428,
      "p@10": 0.07236390387444827,
      "ndcg@20": 0.17543543116066143,
      "recall@20": 0.032886381975063925,
      "p@20": 0.0637690044139284,
      "ndcg@50": 0.25283304347784386,
      "recall@50": 0.060438985056639694,
      "p@50": 0.047336929867582145,
      "mean_latency_ms": 0.0337711627030578,
      "n_queries": 4078
    }
  },
  "method_configs": {
    "models": [
      "fashion-siglip",
      "clip"
    ],
    "methods": [
      "bm25",
      "dense",
      "hybrid"
    ],
    "top_k": 50,
    "rrf_k": 60,
    "bm25_weight": 1.0,
    "dense_weight": 1.0,
    "sample_queries": 0,
    "ks": "5,10,20,50",
    "device": "cpu",
    "host": "localhost",
    "port": 9200
  }
}