{
  "fashion200k": {
    "fsl_raw": {
      "map10": 0.4611901785714285,
      "recall_1": 0.342,
      "recall_10": 0.7337221590909091,
      "precision_1": 0.342,
      "precision_10": 0.07375,
      "mrr": 0.4614922619047619
    },
    "fsl_adapted": {
      "map10": 0.4045253968253968,
      "recall_1": 0.293,
      "recall_10": 0.6686333333333333,
      "precision_1": 0.293,
      "precision_10": 0.06705,
      "mrr": 0.4048462301587301
    },
    "delta_map10": -0.056664781746031734,
    "delta_pct": -12.286641038531041
  },
  "atlas": {
    "fsl_raw": {
      "map10": 0.23532134613567646,
      "recall_1": 0.18,
      "recall_10": 0.403642577533702,
      "precision_1": 0.18,
      "precision_10": 0.05925,
      "mrr": 0.2642535714285714
    },
    "fsl_adapted": {
      "map10": 0.2225181504314689,
      "recall_1": 0.174,
      "recall_10": 0.39146347615084937,
      "precision_1": 0.174,
      "precision_10": 0.05695,
      "mrr": 0.2514079365079365
    },
    "delta_map10": -0.01280319570420757,
    "delta_pct": -5.440728567320783
  },
  "polyvore": {
    "fsl_raw": {
      "map10": 0.566913492063492,
      "recall_1": 0.473,
      "recall_10": 0.776,
      "precision_1": 0.473,
      "precision_10": 0.07759999999999999,
      "mrr": 0.566913492063492
    },
    "fsl_adapted": {
      "map10": 0.5391535714285715,
      "recall_1": 0.442,
      "recall_10": 0.749,
      "precision_1": 0.442,
      "precision_10": 0.07490000000000001,
      "mrr": 0.5391535714285715
    },
    "delta_map10": -0.0277599206349205,
    "delta_pct": -4.896676657646296
  },
  "KAGL": {
    "fsl_raw": {
      "map10": 0.3657875465325019,
      "recall_1": 0.2735,
      "recall_10": 0.6210341727716727,
      "precision_1": 0.2735,
      "precision_10": 0.07275,
      "mrr": 0.3821535714285715
    },
    "fsl_adapted": {
      "map10": 0.33779179469009823,
      "recall_1": 0.245,
      "recall_10": 0.5956663641913642,
      "precision_1": 0.245,
      "precision_10": 0.06975,
      "mrr": 0.35263988095238097
    },
    "delta_map10": -0.02799575184240366,
    "delta_pct": -7.653555214711528
  }
}