{
  "Marqo-FashionCLIP": {
    "category-to-product": {
      "avg": {
        "MAP@1": 0.007548000000000001,
        "MAP@10": 0.026566,
        "NDCG@1": 0.733276,
        "NDCG@10": 0.692282,
        "P@1": 0.733276,
        "P@10": 0.67928,
        "Recall@1": 0.007548000000000001,
        "Recall@10": 0.03780199999999999,
        "MRR": 0.77557
      },
      "n_datasets": 5,
      "datasets": [
        "polyvore",
        "deepfashion_inshop",
        "fashion200k",
        "deepfashion_multimodal",
        "KAGL"
      ],
      "per_dataset": {
        "polyvore": {
          "MAP@1": 0.0308,
          "MAP@10": 0.10637,
          "NDCG@1": 0.51459,
          "NDCG@10": 0.48116,
          "P@1": 0.51459,
          "P@10": 0.42944,
          "Recall@1": 0.0308,
          "Recall@10": 0.15496,
          "MRR": 0.62859
        },
        "deepfashion_inshop": {
          "MAP@1": 0.00033,
          "MAP@10": 0.00335,
          "NDCG@1": 0.625,
          "NDCG@10": 0.68422,
          "P@1": 0.625,
          "P@10": 0.7,
          "Recall@1": 0.00033,
          "Recall@10": 0.00526,
          "MRR": 0.72247
        },
        "fashion200k": {
          "MAP@1": 3e-05,
          "MAP@10": 0.00027,
          "NDCG@1": 1.0,
          "NDCG@10": 1.0,
          "P@1": 1.0,
          "P@10": 1.0,
          "Recall@1": 3e-05,
          "Recall@10": 0.00027,
          "MRR": 1.0
        },
        "deepfashion_multimodal": {
          "MAP@1": 0.00077,
          "MAP@10": 0.00433,
          "NDCG@1": 0.8125,
          "NDCG@10": 0.6921,
          "P@1": 0.8125,
          "P@10": 0.68125,
          "Recall@1": 0.00077,
          "Recall@10": 0.00476,
          "MRR": 0.8125
        },
        "KAGL": {
          "MAP@1": 0.00581,
          "MAP@10": 0.01851,
          "NDCG@1": 0.71429,
          "NDCG@10": 0.60393,
          "P@1": 0.71429,
          "P@10": 0.58571,
          "Recall@1": 0.00581,
          "Recall@10": 0.02376,
          "MRR": 0.71429
        }
      }
    },
    "color-to-product": {
      "avg": {
        "MAP@1": 0.00251,
        "MAP@10": 0.010035,
        "NDCG@1": 0.267415,
        "NDCG@10": 0.26387499999999997,
        "P@1": 0.267415,
        "P@10": 0.26014,
        "Recall@1": 0.00251,
        "Recall@10": 0.01926,
        "MRR": 0.333075
      },
      "n_datasets": 2,
      "datasets": [
        "deepfashion_inshop",
        "KAGL"
      ],
      "per_dataset": {
        "deepfashion_inshop": {
          "MAP@1": 0.00127,
          "MAP@10": 0.00509,
          "NDCG@1": 0.03483,
          "NDCG@10": 0.03237,
          "P@1": 0.03483,
          "P@10": 0.02898,
          "Recall@1": 0.00127,
          "Recall@10": 0.00925,
          "MRR": 0.05466
        },
        "KAGL": {
          "MAP@1": 0.00375,
          "MAP@10": 0.01498,
          "NDCG@1": 0.5,
          "NDCG@10": 0.49538,
          "P@1": 0.5,
          "P@10": 0.4913,
          "Recall@1": 0.00375,
          "Recall@10": 0.02927,
          "MRR": 0.61149
        }
      }
    },
    "fine-category-to-product": {
      "avg": {
        "MAP@1": 0.04173,
        "MAP@10": 0.12786,
        "NDCG@1": 0.40592500000000004,
        "NDCG@10": 0.39838999999999997,
        "P@1": 0.40592500000000004,
        "P@10": 0.32726,
        "Recall@1": 0.04173,
        "Recall@10": 0.19067,
        "MRR": 0.45247000000000004
      },
      "n_datasets": 2,
      "datasets": [
        "fashion200k",
        "KAGL"
      ],
      "per_dataset": {
        "fashion200k": {
          "MAP@1": 0.04176,
          "MAP@10": 0.09022,
          "NDCG@1": 0.0865,
          "NDCG@10": 0.1233,
          "P@1": 0.0865,
          "P@10": 0.04255,
          "Recall@1": 0.04176,
          "Recall@10": 0.17101,
          "MRR": 0.13216
        },
        "KAGL": {
          "MAP@1": 0.0417,
          "MAP@10": 0.1655,
          "NDCG@1": 0.72535,
          "NDCG@10": 0.67348,
          "P@1": 0.72535,
          "P@10": 0.61197,
          "Recall@1": 0.0417,
          "Recall@10": 0.21033,
          "MRR": 0.77278
        }
      }
    },
    "season-to-product": {
      "avg": {
        "MAP@1": 8e-05,
        "MAP@10": 0.00028,
        "NDCG@1": 0.25,
        "NDCG@10": 0.40594,
        "P@1": 0.25,
        "P@10": 0.425,
        "Recall@1": 8e-05,
        "Recall@10": 0.00049,
        "MRR": 0.54167
      },
      "n_datasets": 1,
      "datasets": [
        "KAGL"
      ],
      "per_dataset": {
        "KAGL": {
          "MAP@1": 8e-05,
          "MAP@10": 0.00028,
          "NDCG@1": 0.25,
          "NDCG@10": 0.40594,
          "P@1": 0.25,
          "P@10": 0.425,
          "Recall@1": 8e-05,
          "Recall@10": 0.00049,
          "MRR": 0.54167
        }
      }
    },
    "sub-category-to-product": {
      "avg": {
        "MAP@1": 0.0056375,
        "MAP@10": 0.029455000000000002,
        "NDCG@1": 0.7473725,
        "NDCG@10": 0.6860299999999999,
        "P@1": 0.7473725,
        "P@10": 0.6690925,
        "Recall@1": 0.0056375,
        "Recall@10": 0.039275000000000004,
        "MRR": 0.7728275
      },
      "n_datasets": 4,
      "datasets": [
        "deepfashion_inshop",
        "fashion200k",
        "atlas",
        "KAGL"
      ],
      "per_dataset": {
        "deepfashion_inshop": {
          "MAP@1": 0.00079,
          "MAP@10": 0.00623,
          "NDCG@1": 0.875,
          "NDCG@10": 0.76678,
          "P@1": 0.875,
          "P@10": 0.7625,
          "Recall@1": 0.00079,
          "Recall@10": 0.0068,
          "MRR": 0.875
        },
        "fashion200k": {
          "MAP@1": 0.00019,
          "MAP@10": 0.00161,
          "NDCG@1": 0.74194,
          "NDCG@10": 0.68061,
          "P@1": 0.74194,
          "P@10": 0.66452,
          "Recall@1": 0.00019,
          "Recall@10": 0.00174,
          "MRR": 0.79677
        },
        "atlas": {
          "MAP@1": 0.00481,
          "MAP@10": 0.03328,
          "NDCG@1": 0.70588,
          "NDCG@10": 0.65845,
          "P@1": 0.70588,
          "P@10": 0.63824,
          "Recall@1": 0.00481,
          "Recall@10": 0.05471,
          "MRR": 0.72843
        },
        "KAGL": {
          "MAP@1": 0.01676,
          "MAP@10": 0.0767,
          "NDCG@1": 0.66667,
          "NDCG@10": 0.63828,
          "P@1": 0.66667,
          "P@10": 0.61111,
          "Recall@1": 0.01676,
          "Recall@10": 0.09385,
          "MRR": 0.69111
        }
      }
    },
    "text-to-image": {
      "avg": {
        "MAP@1": 0.09387166666666667,
        "MAP@10": 0.15950666666666666,
        "NDCG@1": 0.13424999999999998,
        "NDCG@10": 0.20348833333333335,
        "P@1": 0.13424999999999998,
        "P@10": 0.05175,
        "Recall@1": 0.09387166666666667,
        "Recall@10": 0.291495,
        "MRR": 0.19963333333333333
      },
      "n_datasets": 6,
      "datasets": [
        "polyvore",
        "deepfashion_inshop",
        "fashion200k",
        "atlas",
        "deepfashion_multimodal",
        "KAGL"
      ],
      "per_dataset": {
        "polyvore": {
          "MAP@1": 0.213,
          "MAP@10": 0.30044,
          "NDCG@1": 0.213,
          "NDCG@10": 0.35092,
          "P@1": 0.213,
          "P@10": 0.05135,
          "Recall@1": 0.213,
          "Recall@10": 0.5135,
          "MRR": 0.30044
        },
        "deepfashion_inshop": {
          "MAP@1": 0.04821,
          "MAP@10": 0.1475,
          "NDCG@1": 0.237,
          "NDCG@10": 0.22763,
          "P@1": 0.237,
          "P@10": 0.12805,
          "Recall@1": 0.04821,
          "Recall@10": 0.23863,
          "MRR": 0.33066
        },
        "fashion200k": {
          "MAP@1": 0.066,
          "MAP@10": 0.12438,
          "NDCG@1": 0.066,
          "NDCG@10": 0.16109,
          "P@1": 0.066,
          "P@10": 0.02865,
          "Recall@1": 0.066,
          "Recall@10": 0.27963,
          "MRR": 0.12467
        },
        "atlas": {
          "MAP@1": 0.07353,
          "MAP@10": 0.12892,
          "NDCG@1": 0.109,
          "NDCG@10": 0.16926,